id,chinese,pinyin,english,base_herb,processing,botanical_source,net_content_g,extract_ratio,raw_per_g,raw_per_bag,categories,tcm_functions,contraindications,data_source
1,矮地茶,Ǎi Dì Chá,Ardisia Japonica,矮地茶,,,0.83,6:1,6,5,cough|phlegm|lung|damp|blood_move,"Transform phlegm, stop cough, drain Damp, invigorate Blood and relieve pain",Generally well tolerated; caution in pregnancy,derived
2,艾叶,Ài Yè,Mugwort Leaf,艾叶,,,0.75,4:1,4,3,bleeding|cold|menstrual|women|pain,"Warm the channels, stop bleeding, disperse Cold, relieve pain and calm the fetus",Yin deficiency with Heat; Blood Heat bleeding; large doses may irritate,derived
3,醋艾炭,Cù Ài Tàn,Vinegar-charred Mugwort,醋艾炭,,,0.6,5:1,5,3,bleeding|women|menstrual|cold|astringent,"Vinegar processing and charring together maximise the warm bleeding-stopping action, especially uterine",Blood Heat bleeding; Yin deficiency with Heat,derived
4,巴戟天,Bā Jǐ Tiān,Morinda Root,巴戟天,,,3.57,1.4:1,1.4,5,yang_tonic|kidney|men|bone|joint,"Tonify Kidney Yang, strengthen sinews and bones","Yin deficiency with Heat, damp-heat",curated
5,制巴戟天,Zhì Bā Jǐ Tiān,Processed Morinda Root,巴戟天,制,,3.85,1.3:1,1.3,5,yang_tonic|kidney|men|bone|joint,"Tonify Kidney Yang, strengthen sinews and bones. Processing reduces toxicity and harshness so the herb can be used safely at therapeutic dose.","Yin deficiency with Heat, damp-heat",curated+processed
6,盐巴戟天,Yán Bā Jǐ Tiān,Salt-processed Morinda Root,巴戟天,盐,,4.17,1.2:1,1.2,5,yang_tonic|kidney|men|bone|joint,"Tonify Kidney Yang, strengthen sinews and bones. Salt directs the action downward to the Kidney, strengthening the Kidney-tonifying and Yin-enriching effect.","Yin deficiency with Heat, damp-heat",curated+processed
7,白扁豆,Bái Biǎn Dòu,Hyacinth Bean,白扁豆,,,2,5:1,5,10,spleen|damp|diarrhoea|summerheat|qi_tonic,"Strengthen the Spleen, transform Damp, release summerheat and stop diarrhoea",Cold-Damp with severe stagnation; must be cooked — raw beans are toxic,derived
8,炒白扁豆,Chǎo Bái Biǎn Dòu,Dry-fried Hyacinth Bean,白扁豆,炒,,1.82,5.5:1,5.5,10,spleen|damp|diarrhoea|summerheat|qi_tonic,"Strengthen the Spleen, transform Damp, release summerheat and stop diarrhoea. Dry-frying warms the herb, moderates cold or harsh properties and improves tolerance by the Spleen and Stomach.",Cold-Damp with severe stagnation; must be cooked — raw beans are toxic,derived
9,制白附子,Zhì Bái Fù Zǐ,Processed Typhonium Rhizome,制白附子,,,1.36,2.2:1,2.2,3,wind|phlegm|spasm|facial_palsy,"Dispel Wind-phlegm, stop spasm, resolve toxin and relieve pain",TOXIC — processed form only; pregnancy; Yin deficiency Wind,derived
10,白及,Bái Jí,Bletilla Rhizome,白及,,,0.6,5:1,5,3,bleeding|astringent|wound|lung|gastric,"Astringe, stop bleeding, reduce swelling and generate flesh",Incompatible with 川乌/草乌/附子; early-stage sores with excess,derived
11,百部(对叶百部),Bǎi Bù,Stemona Root,百部,,对叶百部,3.57,1.4:1,1.4,5,cough|lung|parasite|tuberculosis,"Moisten the Lung, descend Qi, stop cough and kill parasites",Spleen deficiency with loose stool; large doses irritate the gut,derived
12,蜜百部(对叶百部),Mì Bǎi Bù,Honey-fried Stemona Root,百部,蜜,对叶百部,4.17,1.2:1,1.2,5,cough|lung|parasite|tuberculosis,"Moisten the Lung, descend Qi, stop cough and kill parasites. Honey-frying moistens the Lung and moderates harshness, strengthening the cough-stopping and Lung-moistening action.",Spleen deficiency with loose stool; large doses irritate the gut,derived
13,菝葜,Bá Qiā,Smilax China Rhizome,菝葜,,,1.33,7.5:1,7.5,10,damp|toxin|joint|urinary|skin,"Drain Damp, resolve toxin, dispel Wind and free the joints",Yin deficiency; avoid strong tea concurrently,derived
14,白果仁,Bái Guǒ Rén,Ginkgo Seed,白果仁,,,1.61,3.1:1,3.1,5,cough|asthma|lung|discharge|urinary,"Astringe Lung Qi, calm wheezing, stop discharge and reduce urination","TOXIC in quantity — strictly dose-limited, especially in children; cough with excess pathogen",derived
15,百合(卷丹),Bǎi Hé,Lily Bulb,百合,,卷丹,1.2,5:1,5,6,lung|cough|shen|yin_tonic|insomnia,"Moisten the Lung, stop cough, clear the Heart and quiet the Shen",Cough from Wind-Cold; Spleen deficiency with loose stool,derived
16,蜜百合(卷丹),Mì Bǎi Hé,Honey-fried Lily Bulb,百合,蜜,卷丹,1.5,4:1,4,6,lung|cough|shen|yin_tonic|insomnia,"Moisten the Lung, stop cough, clear the Heart and quiet the Shen. Honey-frying moistens the Lung and moderates harshness, strengthening the cough-stopping and Lung-moistening action.",Cough from Wind-Cold; Spleen deficiency with loose stool,derived
17,白花蛇舌草,Bái Huā Shé Shé Cǎo,Hedyotis Diffusa,白花蛇舌草,,,2.83,5.3:1,5.3,15,heat|toxin|damp|oncology_support|urinary,"Clear Heat, resolve toxin, drain Damp and reduce swelling",Pregnancy; Spleen and Stomach Cold deficiency,derived
18,白茅根,Bái Máo Gēn,Imperata Rhizome,白茅根,,,2,2.5:1,2.5,5,bleeding|heat|urinary|oedema|lung,"Cool Blood, stop bleeding, clear Heat and promote urination",Spleen and Stomach Cold deficiency; frequent clear urination,derived
19,白前(柳叶白前),Bái Qián,Cynanchum Stauntonii,白前,,柳叶白前,1.32,3.8:1,3.8,5,cough|phlegm|lung,"Descend Lung Qi, dissolve phlegm and stop cough",Cough from Yin deficiency; Qi deficiency,derived
20,白芍,Bái Sháo,White Peony Root,白芍,,,1.33,4.5:1,4.5,6,stress|liver_qi|women|blood_tonic|menstrual|pain,"Nourish Blood, soften Liver, stop pain",Cold patterns with diarrhea,curated
21,炒白芍,Chǎo Bái Sháo,Dry-fried White Peony Root,白芍,炒,,1.33,4.5:1,4.5,6,stress|liver_qi|women|blood_tonic|menstrual|pain|spleen,"Nourish Blood, soften Liver, stop pain. Dry-frying warms the herb, moderates cold or harsh properties and improves tolerance by the Spleen and Stomach.",Cold patterns with diarrhea,curated+processed
22,酒白芍,Jiǔ Bái Sháo,Wine-processed White Peony Root,白芍,酒,,1.33,4.5:1,4.5,6,stress|liver_qi|women|blood_tonic|menstrual|pain|blood_move,"Nourish Blood, soften Liver, stop pain. Wine-processing warms and mobilises, carrying the action upward and enhancing Blood-moving and channel-freeing effects.",Cold patterns with diarrhea,curated+processed
23,白头翁,Bái Tóu Wēng,Pulsatilla Root,白头翁,,,3.33,3:1,3,10,heat|toxin|diarrhoea|dysentery|gut,"Clear Heat, resolve toxin, cool Blood and stop dysentery",Diarrhoea from deficiency Cold,derived
24,白薇(白薇),Bái Wēi,Cynanchum Atratum Root,白薇,,白薇,1.43,3.5:1,3.5,5,heat|fever|yin_tonic|urinary|women,"Clear Heat, cool Blood, promote urination and resolve toxin — treats deficiency fever",Spleen and Stomach Cold deficiency with loose stool,derived
25,白鲜皮,Bái Xiān Pí,Dictamnus Root Bark,白鲜皮,,,1.35,3.7:1,3.7,5,skin|itch|damp|heat|jaundice,"Clear Heat, dry Damp, dispel Wind and resolve toxin — a principal skin herb",Spleen deficiency Cold; hepatotoxic risk with prolonged use — monitor,derived
26,白英,Bái Yīng,Solanum Lyratum,白英,,,0.76,6.6:1,6.6,5,heat|damp|toxin|skin|oncology_support,"Clear Heat, drain Damp, resolve toxin and dispel Wind",Mildly toxic — dose-limited; Spleen Cold deficiency,derived
27,白芷(白芷),Bái Zhǐ,Angelica Dahurica Root,白芷,,白芷,1.67,3:1,3,5,headache|sinus|wind_cold|pain|skin,"Dispel Wind, disperse Cold, open the nose, dry Damp and relieve pain",Yin deficiency with Heat; Blood deficiency headache; photosensitising,derived
28,白芷(杭白芷),Bái Zhǐ,Angelica Dahurica Root,白芷,,杭白芷,1.25,4:1,4,5,headache|sinus|wind_cold|pain|skin,"Dispel Wind, disperse Cold, open the nose, dry Damp and relieve pain",Yin deficiency with Heat; Blood deficiency headache; photosensitising,derived
29,白术,Bái Zhú,Atractylodes Rhizome,白术,,,3.85,1.3:1,1.3,5,spleen|gut|qi_tonic|damp|fatigue,"Strengthen Spleen, dry Damp, stabilize the exterior","Yin deficiency, fluid damage",curated
30,麸炒白术,Fū Chǎo Bái Zhú,Bran-fried Atractylodes Rhizome,白术,麸炒,,4.17,1.2:1,1.2,5,spleen|gut|qi_tonic|damp|fatigue|stomach,"Strengthen Spleen, dry Damp, stabilize the exterior. Bran-frying moderates harshness and directs the action to the Spleen and Stomach, strengthening the tonifying effect while reducing irritation to the gut.","Yin deficiency, fluid damage",curated+processed
31,败酱草(黄花败酱),Bài Jiàng Cǎo,Patrinia,败酱草,,黄花败酱,1.2,7.5:1,7.5,9,toxin|abscess|gut|blood_move|heat,"Clear Heat, resolve toxin, expel pus, dispel stasis and relieve pain",Spleen and Stomach deficiency Cold; sores of deficiency type,derived
32,柏子仁,Bǎi Zǐ Rén,Biota Seed,柏子仁,,,1,5:1,5,5,sleep|heart|shen|constipation,"Nourish Heart, calm Shen, moisten intestines","Loose stools, phlegm-damp",curated
33,半边莲,Bàn Biān Lián,Lobelia Chinensis,半边莲,,,3.57,2.8:1,2.8,10,heat|toxin|oedema|urinary|snakebite,"Clear Heat, resolve toxin, promote urination and reduce swelling",Deficiency oedema without Heat,derived
34,板蓝根,Bǎn Lán Gēn,Isatis Root,板蓝根,,,4.5,2:1,2,9,heat|toxin|antiviral|throat|rash,"Clear Heat, resolve toxin, cool Blood and benefit the throat",Spleen and Stomach Cold deficiency; not for prolonged preventive use,derived
35,法半夏,Fǎ Bàn Xià,Processed Pinellia,法半夏,,,1.47,3.4:1,3.4,5,gut|phlegm|nausea|stomach|damp,"Dry Damp, resolve Phlegm, descend Rebellious Qi, stop vomiting",Pregnancy; Yin deficiency dry cough,curated
36,姜半夏,Jiāng Bàn Xià,Ginger-processed Pinellia,姜半夏,,,2.27,2.2:1,2.2,5,phlegm|stomach|nausea|damp|cough,"Dry Damp, transform phlegm, descend rebellious Qi and stop vomiting — ginger processing curbs toxicity and targets nausea",Yin deficiency with dry cough; bleeding; pregnancy caution; incompatible with 川乌/草乌,derived
37,清半夏,Qīng Bàn Xià,Alum-processed Pinellia,清半夏,,,1.56,3.2:1,3.2,5,phlegm|damp|cough|stomach,Dry Damp and transform phlegm — alum processing reduces irritancy while retaining the phlegm-drying action,Yin deficiency dry cough; bleeding; incompatible with 川乌/草乌,derived
38,半枝莲,Bàn Zhī Lián,Scutellaria Barbata,半枝莲,,,3.75,4:1,4,15,heat|toxin|nodule|damp|oncology_support,"Clear Heat, resolve toxin, invigorate Blood and drain Damp",Pregnancy; Blood deficiency,derived
39,北沙参,Běi Shā Shēn,Glehnia Root,北沙参,,,2.4,2.5:1,2.5,6,yin_tonic|lung|stomach|heat|aging,"Nourish Lung and Stomach Yin, clear Heat, generate fluids",Cold-Damp patterns,curated
40,荜茇,Bì Bá,Long Pepper,荜茇,,,0.6,5:1,5,3,cold|stomach|pain|digestion|nausea,"Warm the Middle, disperse Cold, descend Qi and relieve pain",Yin deficiency with Heat; peptic ulcer,derived
41,萹蓄,Biǎn Xù,Polygonum Aviculare,萹蓄,,,0.83,6:1,6,5,urinary|damp|itch|parasite|skin,"Promote urination, free painful urination, kill parasites and stop itching",Pregnancy; weak constitution without Damp-Heat,derived
42,醋鳖甲,Cù Biē Jiǎ,Vinegar-processed Turtle Shell,鳖甲,醋,,1.67,6:1,6,10,yin_tonic|fever|nodule|liver|abdominal_mass|pain|blood_move,"Nourish Yin, subdue Yang, soften hardness and dissipate nodules. Vinegar directs the action to the Liver and to the Blood level, strengthening Qi-moving, Blood-stasis-dispelling and pain-relieving effects.",Pregnancy; Spleen deficiency with loose stool; no Yin deficiency; decoct first,derived
43,槟榔,Bīng Láng,Areca Seed,槟榔,,,0.5,10:1,10,5,parasite|digestion|qi_move|damp|bloating,"Kill parasites, break Qi stagnation, aid digestion and drive out water",Qi deficiency with prolapse; loose stool; chronic use associated with oral mucosal harm,derived
44,炒槟榔,Chǎo Bīng Láng,Dry-fried Areca Seed,槟榔,炒,,0.5,10:1,10,5,parasite|digestion|qi_move|damp|bloating|spleen,"Kill parasites, break Qi stagnation, aid digestion and drive out water. Dry-frying warms the herb, moderates cold or harsh properties and improves tolerance by the Spleen and Stomach.",Qi deficiency with prolapse; loose stool; chronic use associated with oral mucosal harm,derived
45,焦槟榔,Jiāo Bīng Láng,Scorch-fried Areca Seed,槟榔,焦,,0.5,10:1,10,5,parasite|digestion|qi_move|damp|bloating|diarrhoea,"Kill parasites, break Qi stagnation, aid digestion and drive out water. Scorch-frying markedly strengthens the food-dispersing and diarrhoea-checking action, and adds a mild astringent, bleeding-stopping quality.",Qi deficiency with prolapse; loose stool; chronic use associated with oral mucosal harm,derived
46,薄荷,Bò Hé,Peppermint,薄荷,,,0.81,3.7:1,3.7,3,stress|liver_qi|head|throat|heat,"Spread Liver Qi, clear head and eyes, expel Wind-Heat","Qi or Yin deficiency, profuse sweating",curated
47,补骨脂,Bǔ Gǔ Zhī,Psoralea Fruit,补骨脂,,,0.9,6.7:1,6.7,6,yang_tonic|kidney|spleen|bone|men,"Tonify Kidney Yang, warm Spleen, astringe Jing","Yin deficiency fire, photosensitivity",curated
48,盐补骨脂,Yán Bǔ Gǔ Zhī,Salt-processed Psoralea Fruit,补骨脂,盐,,1.2,5:1,5,6,yang_tonic|kidney|spleen|bone|men,"Tonify Kidney Yang, warm Spleen, astringe Jing. Salt directs the action downward to the Kidney, strengthening the Kidney-tonifying and Yin-enriching effect.","Yin deficiency fire, photosensitivity",curated+processed
49,布渣叶,Bù Zhā Yè,Microcos Leaf,布渣叶,,,1.67,6:1,6,10,digestion|heat|damp|appetite,"Clear Heat, drain Damp, aid digestion and relieve stagnation",Spleen Cold deficiency,derived
50,白蔹,Bái Liǎn,Ampelopsis Root,白蔹,,,1.25,4:1,4,5,toxin|abscess|skin|burn|wound,"Clear Heat, resolve toxin, reduce swelling, generate flesh and relieve pain",Incompatible with 川乌/草乌/附子; Spleen Cold deficiency,derived
51,白屈菜,Bái Qū Cài,Chelidonium,白屈菜,,,2.57,3.5:1,3.5,9,pain|cough|toxin|stomach,"Relieve pain, stop cough and resolve toxin",TOXIC — strict dose limit; pregnancy; hepatotoxic risk with prolonged use,derived
52,扁豆花,Biǎn Dòu Huā,Hyacinth Bean Flower,扁豆花,,,2.27,2.2:1,2.2,5,summerheat|damp|spleen|diarrhoea,"Release summerheat, transform Damp and harmonise the Spleen",Generally well tolerated,derived
53,炒苍耳子,Chǎo Cāng Ěr Zǐ,Dry-fried Xanthium Fruit,苍耳子,炒,,0.5,10:1,10,5,sinus|nasal|wind_damp|headache|skin|spleen,"Disperse Wind, open the nasal passages, dispel Wind-Damp and relieve pain. Dry-frying warms the herb, moderates cold or harsh properties and improves tolerance by the Spleen and Stomach.",TOXIC — strict dose limit; Blood deficiency headache; overdose causes hepatic and renal injury,derived
54,蚕沙,Cán Shā,Silkworm Faeces,蚕沙,,,0.91,5.5:1,5.5,5,wind_damp|damp|stomach|itch|joint,"Dispel Wind-Damp, harmonise the Stomach, transform Damp and relieve itching",Blood deficiency without Wind-Damp; must be bagged when decocted,derived
55,苍术(北苍术),Cāng Zhú,Atractylodes Lancea Rhizome,苍术,,北苍术,1.85,2.7:1,2.7,5,damp|spleen|wind_damp|digestion|joint,"Dry Damp, strengthen the Spleen, dispel Wind-Damp and release the exterior",Yin deficiency with Heat; profuse sweating; dry constitution,derived
56,麸炒苍术(北苍术),Fū Chǎo Cāng Zhú,Bran-fried Atractylodes Lancea Rhizome,苍术,麸炒,北苍术,2.5,2:1,2,5,damp|spleen|wind_damp|digestion|joint|stomach,"Dry Damp, strengthen the Spleen, dispel Wind-Damp and release the exterior. Bran-frying moderates harshness and directs the action to the Spleen and Stomach, strengthening the tonifying effect while reducing irritation to the gut.",Yin deficiency with Heat; profuse sweating; dry constitution,derived
57,草豆蔻,Cǎo Dòu Kòu,Alpinia Katsumadai Seed,草豆蔻,,,0.5,6:1,6,3,damp|cold|stomach|nausea|digestion,"Dry Damp, warm the Middle, move Qi and stop vomiting",Yin deficiency with Heat; Blood deficiency,derived
58,侧柏叶,Cè Bǎi Yè,Biota Leaf,侧柏叶,,,1,6:1,6,6,bleeding|heat|cough|hair|phlegm,"Cool Blood and stop bleeding, transform phlegm, stop cough and promote hair growth",Cold deficiency of Spleen and Stomach; prolonged high dose may irritate the gut,derived
59,侧柏炭,Cè Bǎi Tàn,Charred Biota Leaf,侧柏炭,,,1.2,5:1,5,6,bleeding|astringent,Charring strengthens the astringent bleeding-stopping action while reducing the cooling quality,Bleeding due to Blood stasis,derived
60,北柴胡,Běi Chái Hú,Bupleurum Root,北柴胡,,,1.5,4:1,4,6,liver|stress|fever|qi_move|women|menstrual,"Harmonise Shaoyang and reduce fever, soothe the Liver and resolve constraint, raise Yang Qi",Liver Yang rising; Yin deficiency with Heat; may raise Qi excessively in deficiency,derived
61,醋北柴胡,Cù Běi Chái Hú,Vinegar-processed Bupleurum Root,北柴胡,醋,,1.71,3.5:1,3.5,6,liver|stress|fever|qi_move|women|menstrual|pain|blood_move,"Harmonise Shaoyang and reduce fever, soothe the Liver and resolve constraint, raise Yang Qi. Vinegar directs the action to the Liver and to the Blood level, strengthening Qi-moving, Blood-stasis-dispelling and pain-relieving effects.",Liver Yang rising; Yin deficiency with Heat; may raise Qi excessively in deficiency,derived
62,蝉蜕,Chán Tuì,Cicada Moulting,蝉蜕,,,0.5,6:1,6,3,wind_heat|rash|itch|eye|throat|paediatric,"Disperse Wind-Heat, vent rashes, brighten the eyes, stop spasm and relieve itching",Pregnancy; weak constitution without exterior pattern,derived
63,车前草(车前),Chē Qián Cǎo,Plantago Herb,车前草,,车前,2.22,4.5:1,4.5,10,urinary|heat|damp|toxin|bleeding,"Promote urination, clear Heat, cool Blood and resolve toxin — the whole herb adds toxin-resolving action",Kidney deficiency with clear frequent urination,derived
64,车前子(车前),Chē Qián Zǐ,Plantago Seed,车前子,,车前,2,5:1,5,10,urinary|damp|oedema|eye|diarrhoea,"Promote urination, free painful urination, drain Damp, brighten the eyes and dissolve phlegm",Kidney deficiency with clear frequent urination; must be bagged when decocted,derived
65,盐车前子(车前),Yán Chē Qián Zǐ,Salt-processed Plantago Seed,车前子,盐,车前,2,5:1,5,10,urinary|damp|oedema|eye|diarrhoea|kidney,"Promote urination, free painful urination, drain Damp, brighten the eyes and dissolve phlegm. Salt directs the action downward to the Kidney, strengthening the Kidney-tonifying and Yin-enriching effect.",Kidney deficiency with clear frequent urination; must be bagged when decocted,derived
66,炒车前子(车前),Chǎo Chē Qián Zǐ,Dry-fried Plantago Seed,车前子,炒,车前,1,10:1,10,10,urinary|damp|oedema|eye|diarrhoea|spleen,"Promote urination, free painful urination, drain Damp, brighten the eyes and dissolve phlegm. Dry-frying warms the herb, moderates cold or harsh properties and improves tolerance by the Spleen and Stomach.",Kidney deficiency with clear frequent urination; must be bagged when decocted,derived
67,沉香,Chén Xiāng,Aquilaria Wood,沉香,,,0.5,10:1,10,5,qi_move|pain|stomach|asthma|kidney,"Move Qi, relieve pain, warm the Middle, stop vomiting and grasp Qi to calm wheezing",Yin deficiency with Fire; Qi deficiency with sinking; add late in decoction,derived
68,陈皮,Chén Pí,Aged Tangerine Peel,陈皮,,,2.5,2:1,2,5,gut|phlegm|qi_stagnation|spleen|nausea,"Move Qi, dry Damp, resolve Phlegm, harmonize Spleen-Stomach",Qi or Yin deficiency without stagnation,curated
69,赤芍(芍药),Chì Sháo,Red Peony Root,赤芍,,芍药,1.8,3.3:1,3.3,6,blood_stasis|heat|liver|pain|menstrual,"Invigorate Blood, dispel stasis, clear Heat, stop pain","Pregnancy, bleeding disorders",curated
70,赤小豆(赤小豆),Chì Xiǎo Dòu,Adzuki Bean,赤小豆,,赤小豆,0.77,6.5:1,6.5,5,oedema|urinary|damp|toxin|weight,"Promote urination, reduce swelling, resolve toxin and expel pus",Prolonged use in Yin deficiency; frequent clear urination,derived
71,赤小豆(赤豆),Chì Xiǎo Dòu,Adzuki Bean,赤小豆,,赤豆,0.77,6.5:1,6.5,5,oedema|urinary|damp|toxin|weight,"Promote urination, reduce swelling, resolve toxin and expel pus",Prolonged use in Yin deficiency; frequent clear urination,derived
72,茺蔚子,Chōng Wèi Zǐ,Leonurus Fruit,茺蔚子,,,0.67,7.5:1,7.5,5,blood_move|menstrual|women|eye|liver,"Invigorate Blood, free menstruation, clear the Liver and brighten the eyes",Pregnancy; Blood deficiency; pupil dilation — avoid in glaucoma,derived
73,川楝子,Chuān Liàn Zǐ,Melia Fruit,川楝子,,,1.43,3.5:1,3.5,5,qi_move|liver|pain|parasite|hernia,"Soothe the Liver, move Qi, relieve pain and kill parasites","Mildly toxic — avoid prolonged use, hepatotoxic risk; Spleen and Stomach Cold deficiency",derived
74,炒川楝子,Chǎo Chuān Liàn Zǐ,Dry-fried Melia Fruit,川楝子,炒,,1.67,3:1,3,5,qi_move|liver|pain|parasite|hernia|spleen,"Soothe the Liver, move Qi, relieve pain and kill parasites. Dry-frying warms the herb, moderates cold or harsh properties and improves tolerance by the Spleen and Stomach.","Mildly toxic — avoid prolonged use, hepatotoxic risk; Spleen and Stomach Cold deficiency",derived
75,川牛膝,Chuān Niú Xī,Cyathula Root,川牛膝,,,3.33,1.5:1,1.5,5,blood_stasis|liver|kidney|joint|aging|blood_pressure,"Invigorate Blood, guide Blood downward, strengthen sinews","Pregnancy, menorrhagia",curated
76,穿心莲,Chuān Xīn Lián,Andrographis,穿心莲,,,1.5,4:1,4,6,heat|toxin|throat|antiviral|diarrhoea,"Clear Heat, resolve toxin, cool Blood and reduce swelling",Spleen and Stomach Cold deficiency; pregnancy; very bitter and cold — not for prolonged use,derived
77,川芎,Chuān Xiōng,Ligusticum Rhizome,川芎,,,1.67,3:1,3,5,women|blood_stasis|menstrual|pain|head,"Invigorate Blood, move Qi, expel Wind, stop pain","Bleeding disorders, Yin deficiency heat, pregnancy",curated
78,垂盆草,Chuí Pén Cǎo,Sedum Sarmentosum,垂盆草,,,3.33,3:1,3,10,damp|liver|toxin|jaundice|heat,"Drain Damp, resolve toxin, reduce swelling and lower transaminases",Spleen and Stomach Cold deficiency,derived
79,椿皮,Chūn Pí,Ailanthus Bark,椿皮,,,0.8,7.5:1,7.5,6,damp|diarrhoea|bleeding|astringent|women,"Clear Heat, dry Damp, astringe the intestines, stop bleeding and kill parasites",Spleen and Stomach deficiency Cold; dysentery of the early excess stage,derived
80,煅磁石,Duàn Cí Shí,Calcined Magnetite,磁石,煅,,0.8,12.5:1,12.5,10,kidney|liver|sleep|anxiety|ears|dizziness|astringent,"Anchor Kidney, calm Shen, benefit ears and eyes. Calcining makes a mineral or shell friable and readily decocted, strengthening the astringent, acid-restraining and anchoring action.",Spleen-Stomach weakness,curated+processed
81,刺五加,Cì Wǔ Jiā,Siberian Ginseng,刺五加,,,0.83,12:1,12,10,qi_tonic|kidney|spleen|fatigue|shen|aging,"Supplement Qi, strengthen Spleen and Kidney, quiet the Shen and relieve fatigue",Excess Heat patterns; uncontrolled hypertension; insomnia if taken late,derived
82,酒苁蓉(管花肉苁蓉),Jiǔ Cōng Róng,Wine-processed Cistanche,苁蓉,酒,管花肉苁蓉,2.38,2.1:1,2.1,5,kidney|yang_tonic|essence|constipation|aging|blood_move,"Supplement Kidney Yang, benefit Essence and Blood, moisten the intestines. Wine-processing warms and mobilises, carrying the action upward and enhancing Blood-moving and channel-freeing effects.",Yin deficiency with Fire; loose stool; Damp-Heat,derived
83,酒苁蓉(肉苁蓉),Jiǔ Cōng Róng,Wine-processed Cistanche,苁蓉,酒,肉苁蓉,3.13,1.6:1,1.6,5,kidney|yang_tonic|essence|constipation|aging|blood_move,"Supplement Kidney Yang, benefit Essence and Blood, moisten the intestines. Wine-processing warms and mobilises, carrying the action upward and enhancing Blood-moving and channel-freeing effects.",Yin deficiency with Fire; loose stool; Damp-Heat,derived
84,肉苁蓉(管花肉苁蓉),Ròu Cōng Róng,Cistanche,肉苁蓉,,管花肉苁蓉,2.27,2.2:1,2.2,5,yang_tonic|kidney|jing|constipation|aging|men,"Tonify Kidney Yang and Jing, moisten intestines","Diarrhea, excess fire, constipation from Heat",curated
85,制川乌,Zhì Chuān Wū,Processed Aconite Root,制川乌,,,0.56,2.7:1,2.7,1.5,wind_damp|pain|cold|arthritis,"Dispel Wind-Damp, warm the channels and powerfully relieve pain","TOXIC — processed form only, must be decocted long; pregnancy; never combine with 半夏/瓜蒌/贝母/白蔹/白及; strict dose control",derived
86,重楼(云南重楼),Chóng Lóu,Paris Rhizome,重楼,,云南重楼,1.43,3.5:1,3.5,5,toxin|heat|abscess|snakebite|spasm,"Clear Heat, resolve toxin, reduce swelling, relieve pain and settle spasm",TOXIC — dose-limited; pregnancy; sores of deficiency type,derived
87,穿山龙,Chuān Shān Lóng,Dioscorea Nipponica,穿山龙,,,2.86,3.5:1,3.5,10,wind_damp|joint|blood_move|cough|pain,"Dispel Wind-Damp, free the collaterals, invigorate Blood and stop cough",Pregnancy; caution in Yin deficiency,derived
88,楮实子,Chǔ Shí Zǐ,Broussonetia Fruit,楮实子,,,1.43,7:1,7,10,kidney|liver|eye|yin_tonic|oedema,"Supplement the Kidney, clear the Liver, brighten the eyes and promote urination",Spleen deficiency with loose stool,derived
89,川木香(川木香),Chuān Mù Xiāng,Vladimiria Root,川木香,,川木香,2.14,1.4:1,1.4,3,qi_move|pain|digestion|spleen,"Move Qi, relieve pain, strengthen the Spleen and aid digestion",Yin deficiency with Heat; dry constitution,derived
90,川木通(小木通),Chuān Mù Tōng,Clematis Armandii Stem,川木通,,小木通,0.5,10:1,10,5,urinary|heat|lactation|damp,"Promote urination, drain Heat from the Heart and free the collaterals and lactation",Pregnancy; Qi deficiency; do not confuse with 关木通 which is nephrotoxic,derived
91,预知子(木通),Yù Zhī Zǐ,Akebia Fruit,预知子,,木通,1.67,3:1,3,5,liver|qi_move|stomach|pain|nodule,"Soothe the Liver, harmonise the Stomach, invigorate Blood and relieve pain",Pregnancy; Spleen deficiency with loose stool,derived
92,草果仁,Cǎo Guǒ Rén,Tsaoko Fruit,草果仁,,,0.74,6.8:1,6.8,5,damp|cold|stomach|digestion|malaria,"Dry Damp, warm the Middle, disperse Cold and check malarial disorder",Yin and Blood deficiency; no Cold-Damp present,derived
93,大腹皮(大腹皮),Dà Fù Pí,Areca Peel,大腹皮,,大腹皮,0.91,5.5:1,5.5,5,qi_move|bloating|oedema|damp|digestion,"Move Qi, relieve distension, promote urination and reduce swelling",Qi deficiency; pregnancy,derived
94,大黄(药用大黄),Dà Huáng,Rhubarb Root,大黄,,药用大黄,1.5,4:1,4,6,constipation|heat|toxin|blood_move|liver,"Drain Heat downward, free the stool, cool Blood, resolve toxin and dispel stasis",Pregnancy; breastfeeding; menstruation; Spleen and Stomach deficiency; long-term use causes dependence,derived
95,熟大黄(药用大黄),Shú Dà Huáng,Wine-steamed Rhubarb,熟大黄,,药用大黄,2,3:1,3,6,blood_move|toxin|heat|constipation,Steaming much reduces the purgative force and strengthens Blood-stasis-dispelling and toxin-resolving action,Pregnancy; Spleen and Stomach deficiency,derived
96,酒大黄(药用大黄),Jiǔ Dà Huáng,Wine-processed Rhubarb Root,大黄,酒,药用大黄,1.5,4:1,4,6,constipation|heat|toxin|blood_move|liver,"Drain Heat downward, free the stool, cool Blood, resolve toxin and dispel stasis. Wine-processing warms and mobilises, carrying the action upward and enhancing Blood-moving and channel-freeing effects.",Pregnancy; breastfeeding; menstruation; Spleen and Stomach deficiency; long-term use causes dependence,derived
97,大蓟,Dà Jì,Japanese Thistle,大蓟,,,1.25,4:1,4,5,bleeding|heat|toxin|skin,"Cool Blood, stop bleeding, dispel stasis and resolve toxin",Spleen and Stomach Cold deficiency; bleeding from Cold,derived
98,大蓟炭,Dà Jì Tàn,Charred Japanese Thistle,大蓟炭,,,1.11,4.5:1,4.5,5,bleeding|astringent,Charring strengthens the astringent bleeding-stopping action,Bleeding due to stasis,derived
99,大青叶,Dà Qīng Yè,Isatis Leaf,大青叶,,,3.6,2.5:1,2.5,9,heat|toxin|antiviral|rash|throat,"Clear Heat, resolve toxin, cool Blood and disperse rashes",Spleen and Stomach Cold deficiency; not for prolonged use,derived
100,大血藤,Dà Xuè Téng,Sargentodoxa Vine,大血藤,,,1.67,6:1,6,10,toxin|blood_move|abscess|pain|gut,"Resolve toxin, dissipate abscess, invigorate Blood and free the collaterals",Pregnancy; no stasis or toxin present,derived
101,大枣,Dà Zǎo,Chinese Date / Jujube,大枣,,,4.17,1.2:1,1.2,5,qi_tonic|blood_tonic|spleen|sleep|shen,"Tonify Spleen and Stomach, nourish Blood, calm Shen","Phlegm-Damp, food stagnation",curated
102,代代花,Dài Dài Huā,Bitter Orange Flower,代代花,,,1.07,2.8:1,2.8,3,qi_move|stomach|digestion|phlegm,"Move Qi, harmonise the Stomach, dissolve phlegm and relieve distension",Qi deficiency; pregnancy — use with care,derived
103,淡豆豉,Dàn Dòu Chǐ,Fermented Soybean,淡豆豉,,,2,3:1,3,6,exterior|irritability|fever|insomnia,"Release the exterior, vent pathogens and relieve irritability",Generally well tolerated; caution in profuse sweating,derived
104,淡附片,Dàn Fù Piàn,Mild Prepared Aconite,淡附片,,,0.6,8.3:1,8.3,5,yang_tonic|cold|kidney|pain|collapse,"Restore devastated Yang, supplement Fire, disperse Cold and relieve pain — a milder prepared form",TOXIC — prolonged decoction required; pregnancy; Yin deficiency with Heat; never with 半夏/瓜蒌/贝母/白蔹/白及,derived
105,丹参,Dān Shēn,Salvia Root,丹参,,,2.5,2:1,2,5,blood_stasis|heart|sleep|liver|aging|menstrual,"Invigorate Blood, dispel stasis, calm Shen, cool Blood",Anticoagulants; pregnancy,curated
106,酒丹参,Jiǔ Dān Shēn,Wine-processed Salvia Root,丹参,酒,,2.5,2:1,2,5,blood_stasis|heart|sleep|liver|aging|menstrual|blood_move,"Invigorate Blood, dispel stasis, calm Shen, cool Blood. Wine-processing warms and mobilises, carrying the action upward and enhancing Blood-moving and channel-freeing effects.",Anticoagulants; pregnancy,curated+processed
107,淡竹叶,Dàn Zhú Yè,Lophatherum,淡竹叶,,,1,6:1,6,6,heat|urinary|irritability|thirst|summerheat,"Clear Heat, relieve irritability, promote urination and drain Heart Fire",Pregnancy; Cold deficiency; no Heat present,derived
108,当归,Dāng Guī,Dong Quai / Angelica Root,当归,,,4,1.5:1,1.5,6,blood_tonic|women|menstrual|pain|blood_stasis,"Tonify and invigorate Blood, regulate menstruation, stop pain","Diarrhea, pregnancy (large doses), anticoagulants",curated
109,酒当归,Jiǔ Dāng Guī,Wine-processed Dong Quai / Angelica Root,当归,酒,,4,1.5:1,1.5,6,blood_tonic|women|menstrual|pain|blood_stasis|blood_move,"Tonify and invigorate Blood, regulate menstruation, stop pain. Wine-processing warms and mobilises, carrying the action upward and enhancing Blood-moving and channel-freeing effects.","Diarrhea, pregnancy (large doses), anticoagulants",curated+processed
110,当归尾,Dāng Guī Wěi,Angelica Root Tail,当归尾,,,4,1.5:1,1.5,6,blood_move|menstrual|pain|trauma|women,The tail portion emphasises Blood-invigorating and stasis-dispelling action over Blood tonification,Pregnancy; loose stool; heavy menstrual bleeding,derived
111,党参(党参),Dǎng Shēn,Codonopsis Root,党参,,党参,3,1:1,1,3,qi_tonic|spleen|fatigue|gut|immune|aging,"Tonify Middle Jiao Qi, strengthen Spleen and Lung","Excess patterns, early-stage infection",curated
112,炒稻芽,Chǎo Dào Yá,Dry-fried Sprouted Rice,稻芽,炒,,0.75,6.7:1,6.7,5,digestion|spleen|appetite,"Aid digestion, harmonise the Middle and strengthen the Spleen. Dry-frying warms the herb, moderates cold or harsh properties and improves tolerance by the Spleen and Stomach.",Generally well tolerated,derived
113,灯心草,Dēng Xīn Cǎo,Juncus Pith,灯心草,,,0.5,10:1,10,5,urinary|heat|irritability|insomnia|paediatric,"Promote urination, drain Heart Fire and relieve irritability",Deficiency Cold; incontinence,derived
114,地耳草,Dì Ěr Cǎo,Hypericum Japonicum,地耳草,,,2.31,6.5:1,6.5,15,heat|damp|liver|jaundice|toxin,"Clear Heat, drain Damp, resolve toxin and invigorate Blood",Spleen Cold deficiency,derived
115,地肤子,Dì Fū Zǐ,Kochia Fruit,地肤子,,,1.2,7.5:1,7.5,9,skin|itch|damp|urinary|heat,"Clear Heat, drain Damp, dispel Wind and relieve itching",Deficiency without Damp-Heat; frequent urination from Qi deficiency,derived
116,地骨皮(枸杞),Dì Gǔ Pí,Lycium Bark (Root Bark),地骨皮,,枸杞,0.71,7:1,7,5,women|menopause|heat|yin_tonic|fever,"Cool Blood, reduce Empty Heat, clear Lung Heat","Spleen deficiency-cold, exterior patterns",curated
117,生地黄,Shēng Dì Huáng,Raw Rehmannia,生地黄,,,3.57,1.4:1,1.4,5,yin_tonic|heat|blood_cooling|kidney|heart,"Clear Heat, cool Blood, nourish Yin, generate fluids","Spleen deficiency with Damp, diarrhea",curated
118,生地炭,Shēng Dì Tàn,Charred Rehmannia,生地炭,,,3.33,1.5:1,1.5,5,bleeding|heat|astringent,Charring shifts raw Rehmannia toward cooling Blood and stopping bleeding,Spleen deficiency with loose stool; Cold bleeding,derived
119,熟地黄,Shú Dì Huáng,Prepared Rehmannia,熟地黄,,,3.85,1.3:1,1.3,5,blood_tonic|kidney|yin_tonic|aging|women,"Tonify Kidney Yin and Jing, nourish Blood, fill Marrow",Spleen deficiency with Damp,curated
120,地龙(参环毛蚓),Dì Lóng,Earthworm,地龙,,参环毛蚓,1.25,4:1,4,5,heat|spasm|collateral|asthma|stroke,"Clear Heat, settle spasm, free the collaterals, calm wheezing and promote urination",Cold deficiency patterns; pregnancy,derived
121,地榆(地榆),Dì Yú,Sanguisorba Root,地榆,,地榆,1.43,3.5:1,3.5,5,bleeding|heat|haemorrhoid|burn|skin,"Cool Blood, stop bleeding, resolve toxin and heal sores",Cold deficiency bleeding; extensive burns — large topical area risks toxicity,derived
122,地榆炭(地榆),Dì Yú Tàn,Charred Sanguisorba,地榆炭,,地榆,1,5:1,5,5,bleeding|astringent|haemorrhoid,Charring strengthens the astringent bleeding-stopping action,Bleeding due to stasis,derived
123,丁香,Dīng Xiāng,Clove,丁香,,,1.43,2.1:1,2.1,3,stomach|kidney|cold|digestion|yang_tonic,"Warm Middle, descend rebellious Qi, stop hiccup and vomiting, warm Kidney Yang",Heat patterns; Yin deficiency with heat; incompatible with 郁金,derived
124,冬瓜皮,Dōng Guā Pí,Wax Gourd Peel,冬瓜皮,,,2.5,4:1,4,10,oedema|damp|urinary|summerheat|weight,"Promote urination, reduce swelling and clear summerheat",Cold deficiency; frequent clear urination,derived
125,冬瓜子,Dōng Guā Zǐ,Wax Gourd Seed,冬瓜子,,,0.83,6:1,6,5,heat|phlegm|damp|lung|abscess,"Clear Heat, transform phlegm, expel pus and drain Damp",Cold deficiency with loose stool,derived
126,冬葵果,Dōng Kuí Guǒ,Malva Fruit,冬葵果,,,0.91,5.5:1,5.5,5,urinary|lactation|constipation|damp,"Free urination, promote lactation and moisten the intestines",Pregnancy; Spleen deficiency with loose stool,derived
127,豆蔻(爪哇白豆蔻),Dòu Kòu,Cardamom,豆蔻,,爪哇白豆蔻,0.75,4:1,4,3,damp|qi_move|stomach|nausea|digestion,"Transform Damp, move Qi, warm the Middle and stop vomiting",Yin deficiency with Heat; add late in decoction,derived
128,独活,Dú Huó,Angelica Pubescens Root,独活,,,2.94,1.7:1,1.7,5,wind_damp|pain|back_pain|joint|leg,"Dispel Wind-Damp, relieve pain — especially of the lower body and lumbus",Yin deficiency with Heat; Blood deficiency without Wind-Damp,derived
129,杜仲,Dù Zhòng,Eucommia Bark,杜仲,,,1,6:1,6,6,yang_tonic|kidney|bone|blood_pressure|aging|back,"Tonify Kidney and Liver Yang, strengthen bones and sinews, calm fetus",Yin deficiency with Heat,curated
130,盐杜仲,Yán Dù Zhòng,Salt-processed Eucommia Bark,杜仲,盐,,1.2,5:1,5,6,yang_tonic|kidney|bone|blood_pressure|aging|back,"Tonify Kidney and Liver Yang, strengthen bones and sinews, calm fetus. Salt directs the action downward to the Kidney, strengthening the Kidney-tonifying and Yin-enriching effect.",Yin deficiency with Heat,curated+processed
131,地锦草(斑地锦),Dì Jǐn Cǎo,Euphorbia Humifusa,地锦草,,斑地锦,3.33,3:1,3,10,heat|toxin|bleeding|diarrhoea|damp,"Clear Heat, resolve toxin, cool Blood, stop bleeding and drain Damp",Spleen and Stomach Cold deficiency,derived
132,冬凌草,Dōng Líng Cǎo,Rabdosia,冬凌草,,,2,5:1,5,10,heat|toxin|throat|nodule,"Clear Heat, resolve toxin, invigorate Blood and relieve throat pain",Spleen and Stomach Cold deficiency,derived
133,鹅不食草,É Bù Shí Cǎo,Centipeda,鹅不食草,,,1.62,3.7:1,3.7,6,sinus|nasal|wind_cold|cough|allergy,"Disperse Wind-Cold, open the nasal passages, stop cough and resolve toxin",Weak Stomach; may cause nausea; mainly for nasal use,derived
134,阿胶,Ē Jiāo,Donkey-hide Gelatin,阿胶,,,2.22,0.9:1,0.9,2,blood_tonic|bleeding|yin_tonic|women|lung,"Nourish Blood, stop bleeding, nourish Yin and moisten dryness",Spleen and Stomach deficiency with poor appetite; loose stool; Damp accumulation; dissolve separately,derived
135,莪术(广西莪术),É Zhú,Curcuma Rhizome,莪术,,广西莪术,0.63,8:1,8,5,blood_move|abdominal_mass|pain|digestion|nodule,"Break Blood stasis, move Qi, disperse accumulation and relieve pain",Pregnancy; heavy menstruation; Qi and Blood deficiency; peptic ulcer,derived
136,醋莪术(广西莪术),Cù É Zhú,Vinegar-processed Curcuma Rhizome,莪术,醋,广西莪术,0.63,8:1,8,5,blood_move|abdominal_mass|pain|digestion|nodule|liver,"Break Blood stasis, move Qi, disperse accumulation and relieve pain. Vinegar directs the action to the Liver and to the Blood level, strengthening Qi-moving, Blood-stasis-dispelling and pain-relieving effects.",Pregnancy; heavy menstruation; Qi and Blood deficiency; peptic ulcer,derived
137,郁金(广西莪术),Yù Jīn,Turmeric Root,郁金,,广西莪术,0.91,5.5:1,5.5,5,stress|liver_qi|depression|blood_stasis|gallbladder,"Move Qi and Blood, clear Heart, benefit Gallbladder",Pregnancy; no blood-thinners,curated
138,醋郁金(广西莪术),Cù Yù Jīn,Vinegar-processed Turmeric Root,郁金,醋,广西莪术,1,5:1,5,5,stress|liver_qi|depression|blood_stasis|gallbladder|liver|pain|blood_move,"Move Qi and Blood, clear Heart, benefit Gallbladder. Vinegar directs the action to the Liver and to the Blood level, strengthening Qi-moving, Blood-stasis-dispelling and pain-relieving effects.",Pregnancy; no blood-thinners,curated+processed
139,番泻叶(狭叶番泻),Fān Xiè Yè,Senna Leaf,番泻叶,,狭叶番泻,0.8,2.5:1,2.5,2,constipation|heat|damp,"Drain downward, free the stool and drive out water",Pregnancy; breastfeeding; menstruation; weak constitution; dependence with prolonged use,derived
140,番石榴叶,Fān Shí Liú Yè,Guava Leaf,番石榴叶,,,2,5:1,5,10,diarrhoea|astringent|damp|blood_sugar,"Astringe the intestines, stop diarrhoea and dry Damp",Constipation; early-stage dysentery with excess,derived
141,防风,Fáng Fēng,Siler Root,防风,,,2.5,2:1,2,5,immune|wind|joint|head|spleen,"Expel Wind, stop pain, overcome Damp, relieve diarrhea",Yin deficiency or Blood deficiency with Wind,curated
142,防己,Fáng Jǐ,Stephania Root,防己,,,1.11,4.5:1,4.5,5,wind_damp|oedema|joint|pain|urinary,"Dispel Wind-Damp, relieve pain, promote urination and reduce swelling",Yin deficiency; weak Spleen and Stomach; ensure 粉防己 not the nephrotoxic 广防己,derived
143,粉葛,Fěn Gé,Pueraria Thomsonii Root,粉葛,,,3.13,3.2:1,3.2,10,exterior|neck|thirst|diarrhoea|blood_sugar,"Release the muscle layer, vent rashes, generate fluids and raise Yang to stop diarrhoea",Yin deficiency with upward-rising Yang; profuse sweating from deficiency,derived
144,凤尾草,Fèng Wěi Cǎo,Brake Fern,凤尾草,,,1,6:1,6,6,heat|damp|diarrhoea|bleeding|urinary,"Clear Heat, drain Damp, cool Blood and stop dysentery",Cold deficiency of Spleen and Stomach,derived
145,佛手,Fó Shǒu,Finger Citron,佛手,,,3.13,1.6:1,1.6,5,qi_move|liver|stomach|phlegm|stress,"Soothe the Liver, move Qi, harmonise the Stomach and transform phlegm",Yin deficiency with Heat; aromatic and dispersing,derived
146,茯苓,Fú Líng,Poria,茯苓,,,0.8,12.5:1,12.5,10,spleen|gut|damp|sleep|anxiety|qi_tonic,"Strengthen Spleen, drain Damp, calm Shen",None significant,curated
147,茯苓皮,Fú Líng Pí,Poria Peel,茯苓皮,,,0.5,10:1,10,5,oedema|urinary|damp|skin,Promote urination and reduce swelling — the peel acts chiefly on surface oedema,Frequent clear urination; Yin deficiency,derived
148,茯神,Fú Shén,Poria with Hostwood,茯神,,,0.5,20:1,20,10,sleep|heart|shen|spleen|anxiety,"Calm Shen, strengthen Spleen, drain Damp",None significant,curated
149,覆盆子,Fù Pén Zǐ,Chinese Raspberry,覆盆子,,,1.09,5.5:1,5.5,6,kidney|jing|men|eyes|yang_tonic,"Tonify Kidney Yang, astringe Jing, brighten eyes","Damp-Heat, difficult urination",curated
150,浮萍,Fú Píng,Duckweed,浮萍,,,0.91,5.5:1,5.5,5,wind_heat|rash|skin|oedema|itch,"Disperse Wind, vent rashes, promote urination and reduce swelling",Spontaneous sweating from exterior deficiency; no exterior pattern,derived
151,浮小麦,Fú Xiǎo Mài,Blighted Wheat,浮小麦,,,0.5,10:1,10,5,women|menopause|sweating|heart|shen,"Astringe sweating, nourish Heart, calm Shen",None significant,curated
152,小通草(中国旌节花),Xiǎo Tōng Cǎo,Stachyurus Pith,小通草,,中国旌节花,0.5,10:1,10,5,urinary|lactation|heat|damp,"Clear Heat, promote urination and free lactation",Pregnancy; frequent clear urination,derived
153,黑老虎根,Hēi Lǎo Hǔ Gēn,Kadsura Root,黑老虎根,,,0.9,10:1,10,9,qi_move|blood_move|pain|wind_damp|stomach,"Move Qi, invigorate Blood, dispel Wind and relieve pain",Pregnancy; Blood deficiency,derived
154,附片(黑顺片),Fù Piàn,Prepared Aconite Slice,附片,,黑顺片,0.6,10:1,10,6,yang_tonic|cold|kidney|pain|collapse,"Restore devastated Yang, supplement Fire, disperse Cold and relieve pain",TOXIC — prolonged decoction required; pregnancy; Yin deficiency with Heat; never with 半夏/瓜蒌/贝母/白蔹/白及,derived
155,黑芝麻,Hēi Zhī Ma,Black Sesame Seed,黑芝麻,,,0.8,12.5:1,12.5,10,kidney|liver|essence|constipation|hair|aging,"Supplement Liver and Kidney, benefit Essence and Blood, moisten the intestines and blacken the hair",Spleen deficiency with loose stool,derived
156,甘草(甘草),Gān Cǎo,Licorice Root,甘草,,甘草,1,3:1,3,3,qi_tonic|spleen|lung|harmonise|spasm|cough,"Supplement Spleen Qi, moisten the Lung, relieve spasm and pain, resolve toxin and harmonise other herbs",Oedema; hypertension; hypokalaemia; prolonged high dose causes water retention; incompatible with 大戟/芫花/甘遂/海藻,derived
157,炙甘草(甘草),Zhì Gān Cǎo,Honey-fried Licorice Root,甘草,炙,甘草,1.5,2:1,2,3,qi_tonic|spleen|lung|harmonise|spasm|cough,"Supplement Spleen Qi, moisten the Lung, relieve spasm and pain, resolve toxin and harmonise other herbs. Honey-frying warms and moistens, enhancing the Qi-tonifying and Middle-harmonising action while reducing dispersing effects.",Oedema; hypertension; hypokalaemia; prolonged high dose causes water retention; incompatible with 大戟/芫花/甘遂/海藻,derived
158,炙甘草(胀果甘草),Zhì Gān Cǎo,Honey-fried Licorice Root,甘草,炙,胀果甘草,1.2,2.5:1,2.5,3,qi_tonic|spleen|lung|harmonise|spasm|cough,"Supplement Spleen Qi, moisten the Lung, relieve spasm and pain, resolve toxin and harmonise other herbs. Honey-frying warms and moistens, enhancing the Qi-tonifying and Middle-harmonising action while reducing dispersing effects.",Oedema; hypertension; hypokalaemia; prolonged high dose causes water retention; incompatible with 大戟/芫花/甘遂/海藻,derived
159,甘松,Gān Sōng,Nardostachys Root,甘松,,,0.75,6.7:1,6.7,5,qi_move|pain|spleen|shen|stomach,"Move Qi, relieve pain, awaken the Spleen and quiet the Shen",Qi deficiency; Yin deficiency with Heat,derived
160,干姜,Gān Jiāng,Dried Ginger Rhizome,干姜,,,0.83,6:1,6,5,cold|spleen|yang_tonic|digestion|lung,"Warm the Middle, disperse Cold, restore Yang and warm the Lung to transform thin mucus",Yin deficiency with Heat; Blood Heat bleeding; pregnancy caution,derived
161,岗梅,Gǎng Méi,Ilex Asprella Root,岗梅,,,0.6,25:1,25,15,heat|toxin|throat|thirst,"Clear Heat, resolve toxin, generate fluids and benefit the throat",Spleen Cold deficiency,derived
162,岗稔,Gǎng Rěn,Rhodomyrtus Fruit,岗稔,,,0.75,20:1,20,15,blood_tonic|bleeding|astringent|women,"Nourish Blood, stop bleeding, astringe and secure",Constipation; excess Heat,derived
163,杠板归,Gàng Bǎn Guī,Polygonum Perfoliatum,杠板归,,,1.67,6:1,6,10,heat|damp|toxin|oedema|cough,"Clear Heat, drain Damp, resolve toxin, reduce swelling and stop cough",Spleen Cold deficiency,derived
164,姜炭,Jiāng Tàn,Charred Ginger,姜炭,,,0.6,5:1,5,3,bleeding|cold|diarrhoea|spleen,"Warm the channels and stop bleeding, warm the Middle and check diarrhoea",Heat patterns; bleeding from Blood Heat,derived
165,炮姜,Páo Jiāng,Blast-fried Ginger,炮姜,,,0.6,8.3:1,8.3,5,bleeding|cold|spleen|diarrhoea|women,"Warm the channels, stop bleeding, warm the Middle and relieve pain",Pregnancy; Yin deficiency with Heat; Blood Heat bleeding,derived
166,藁本(辽藁本),Gǎo Běn,Ligusticum Root,藁本,,辽藁本,1.43,3.5:1,3.5,5,headache|wind_cold|wind_damp|pain,"Disperse Wind-Cold, dispel Damp and relieve pain — especially vertex headache",Blood deficiency headache; Yin deficiency with Heat,derived
167,高良姜,Gāo Liáng Jiāng,Galangal Rhizome,高良姜,,,0.55,5.5:1,5.5,3,cold|stomach|pain|nausea|digestion,"Disperse Cold, warm the Middle and relieve pain and vomiting",Yin deficiency with Heat; Stomach Heat vomiting,derived
168,葛根,Gé Gēn,Pueraria Root,葛根,,,4,2.5:1,2.5,10,exterior|neck|thirst|diarrhoea|blood_sugar,"Release the muscle layer, vent rashes, generate fluids, raise Yang and free the neck and shoulders",Yin deficiency with Yang rising; profuse sweating from deficiency,derived
169,葛花(甘葛藤),Gé Huā,Pueraria Flower,葛花,,甘葛藤,1.52,3.3:1,3.3,5,hangover|detox|spleen|stomach,"Release alcohol toxin, awaken the Spleen and harmonise the Stomach",Generally well tolerated,derived
170,枸杞子,Gǒu Qǐ Zǐ,Wolfberry / Goji Berry,枸杞子,,,4.17,1.2:1,1.2,5,kidney|liver|yin_tonic|aging|eyes|blood_tonic,"Nourish Liver and Kidney, benefit eyes, tonify Jing and Blood","Spleen deficiency with Damp, diarrhea",curated
171,钩藤(钩藤),Gōu Téng,Gambir Vine Stem,钩藤,,钩藤,0.63,8:1,8,5,liver|wind|head|blood_pressure|aging,"Clear Liver Heat, calm Wind, lower blood pressure",No prolonged boiling — add at end of decoction,curated
172,谷精草,Gǔ Jīng Cǎo,Eriocaulon Flower,谷精草,,,0.5,10:1,10,5,eye|wind_heat|liver|headache,"Disperse Wind-Heat, brighten the eyes and remove screens",Blood deficiency eye disorders,derived
173,谷芽,Gǔ Yá,Sprouted Millet,谷芽,,,0.83,6:1,6,5,digestion|spleen|appetite,"Aid digestion, harmonise the Middle and strengthen the Spleen",Generally well tolerated,derived
174,焦谷芽,Jiāo Gǔ Yá,Scorch-fried Sprouted Millet,谷芽,焦,,0.85,5.9:1,5.9,5,digestion|spleen|appetite|diarrhoea,"Aid digestion, harmonise the Middle and strengthen the Spleen. Scorch-frying markedly strengthens the food-dispersing and diarrhoea-checking action, and adds a mild astringent, bleeding-stopping quality.",Generally well tolerated,derived
175,骨碎补,Gǔ Suì Bǔ,Drynaria Rhizome,骨碎补,,,0.77,6.5:1,6.5,5,kidney|bone|fracture|trauma|aging,"Supplement the Kidney, strengthen bone, mend fracture and invigorate Blood",Yin deficiency with Heat; Blood deficiency with dryness,derived
176,烫骨碎补,Tàng Gǔ Suì Bǔ,Scalded Drynaria Rhizome,烫骨碎补,,,0.77,6.5:1,6.5,5,kidney|bone|fracture|trauma|aging,"Supplement the Kidney, strengthen bone, mend fracture and invigorate Blood",Yin deficiency with Heat; Blood deficiency with dryness,derived
177,烫狗脊,Tàng Gǒu Jǐ,Scalded Cibotium Rhizome,烫狗脊,,,1.71,3.5:1,3.5,6,kidney|liver|back_pain|wind_damp|aging,"Supplement Liver and Kidney, strengthen the lumbus and knees, dispel Wind-Damp",Yin deficiency with Heat; scanty dark urine,derived
178,狗脊,Gǒu Jǐ,Cibotium Rhizome,狗脊,,,1.2,5:1,5,6,kidney|liver|back_pain|wind_damp|aging,"Supplement Liver and Kidney, strengthen the lumbus and knees, dispel Wind-Damp",Yin deficiency with Heat; scanty dark urine,derived
179,枸骨叶,Gǒu Gǔ Yè,Chinese Holly Leaf,枸骨叶,,,0.86,5.8:1,5.8,5,yin_tonic|liver|kidney|wind_damp|aging,"Nourish Liver and Kidney Yin, dispel Wind-Damp and clear deficiency Heat",Spleen deficiency with loose stool,derived
180,瓜蒌皮(栝楼),Guā Lóu Pí,Trichosanthes Peel,瓜蒌皮,,栝楼,2.78,1.8:1,1.8,5,chest|phlegm|lung|heat,"Clear Heat, transform phlegm and loosen the chest — the peel emphasises the chest",Spleen Cold with loose stool; incompatible with 川乌/草乌,derived
181,瓜蒌子(栝楼),Guā Lóu Zǐ,Trichosanthes Seed,瓜蒌子,,栝楼,0.7,7.1:1,7.1,5,constipation|lung|phlegm|dryness,"Moisten the Lung, transform phlegm and moisten the intestines — the seed emphasises moistening",Loose stool; incompatible with 川乌/草乌,derived
182,瓜蒌(栝楼),Guā Lóu,Trichosanthes Fruit,瓜蒌,,栝楼,3.13,1.6:1,1.6,5,phlegm|chest|lung|constipation|heat,"Clear Heat, transform phlegm, loosen the chest, dissipate nodules and moisten the intestines",Spleen deficiency with loose stool; incompatible with 川乌/草乌,derived
183,天花粉(栝楼),Tiān Huā Fěn,Trichosanthes Root,天花粉,,栝楼,2.22,4.5:1,4.5,10,heat|thirst|dryness|lung|abscess,"Clear Heat, generate fluids, moisten dryness, resolve toxin and expel pus",Pregnancy — abortifacient; Spleen Cold with loose stool; incompatible with 川乌/草乌,derived
184,醋龟甲,Cù Guī Jiǎ,Vinegar-processed Tortoise Plastron,龟甲,醋,,1.67,6:1,6,10,yin_tonic|kidney|bone|shen|aging|liver|pain|blood_move,"Nourish Yin, subdue Yang, benefit the Kidney, strengthen bone and nourish Blood. Vinegar directs the action to the Liver and to the Blood level, strengthening Qi-moving, Blood-stasis-dispelling and pain-relieving effects.",Pregnancy; Spleen and Stomach Cold deficiency; decoct first,derived
185,桂枝,Guì Zhī,Cinnamon Twig,桂枝,,,0.67,7.5:1,7.5,5,yang_tonic|heart|cold|blood_stasis|menstrual,"Warm Yang, unblock vessels, harmonize Ying and Wei","Yin deficiency heat, pregnancy (large doses), bleeding disorders",curated
186,龟甲胶,Guī Jiǎ Jiāo,Tortoise Plastron Glue,龟甲胶,,,3.33,0.9:1,0.9,3,yin_tonic|blood_tonic|kidney|bleeding|aging,"Nourish Yin, supplement Blood, stop bleeding — the concentrated glue form",Pregnancy; Spleen deficiency with poor appetite; dissolve separately,derived
187,广藿香,Guǎng Huò Xiāng,Patchouli,广藿香,,,0.71,7:1,7,5,damp|summerheat|stomach|nausea|spleen,"Transform Damp, release summerheat, harmonise the Middle and stop vomiting",Yin deficiency with Heat; Qi deficiency without Damp,derived
188,广金钱草,Guǎng Jīn Qián Cǎo,Desmodium,广金钱草,,,2.14,7:1,7,15,stone|urinary|damp|liver|jaundice,"Drain Damp, dissolve stones, clear Heat and relieve jaundice",Spleen deficiency with loose stool,derived
189,金钱草,Jīn Qián Cǎo,Lysimachia,金钱草,,,3.75,4:1,4,15,stone|urinary|liver|jaundice|damp,"Drain Damp, free painful urination, dissolve stones, resolve toxin and reduce swelling",Spleen deficiency with loose stool,derived
190,广东土牛膝,Guǎng Dōng Tǔ Niú Xī,Eupatorium Root,广东土牛膝,,,2,1.5:1,1.5,3,throat|heat|toxin|blood_move,"Clear Heat, resolve toxin, benefit the throat and invigorate Blood",Pregnancy; Spleen Cold deficiency,derived
191,广东王不留行,Guǎng Dōng Wáng Bù Liú Xíng,Ficus Pumila Receptacle,广东王不留行,,,1.5,4:1,4,6,lactation|blood_move|collateral|damp,"Invigorate Blood, free the collaterals, promote lactation and drain Damp",Pregnancy,derived
192,王不留行,Wáng Bù Liú Xíng,Vaccaria Seed,王不留行,,,0.5,10:1,10,5,blood_move|lactation|menstrual|urinary|women,"Invigorate Blood, free menstruation, promote lactation and free urination",Pregnancy; Blood deficiency without stasis,derived
193,炒王不留行,Chǎo Wáng Bù Liú Xíng,Dry-fried Vaccaria Seed,王不留行,炒,,0.63,8:1,8,5,blood_move|lactation|menstrual|urinary|women|spleen,"Invigorate Blood, free menstruation, promote lactation and free urination. Dry-frying warms the herb, moderates cold or harsh properties and improves tolerance by the Spleen and Stomach.",Pregnancy; Blood deficiency without stasis,derived
194,海金沙,Hǎi Jīn Shā,Lygodium Spore,海金沙,,,1.2,5:1,5,6,stone|urinary|damp|heat|oedema,"Clear Heat, drain Damp, free urination and dissolve stones",Kidney deficiency without Damp-Heat; must be bagged when decocted,derived
195,海螵蛸(金乌贼),Hǎi Piāo Xiāo,Cuttlefish Bone,海螵蛸,,金乌贼,0.5,10:1,10,5,bleeding|astringent|gastric_acid|women|essence,"Astringe, stop bleeding, secure Essence, restrain acid and dry Damp",Yin deficiency with Heat; constipation; prolonged use causes constipation,derived
196,合欢花(合欢花),Hé Huān Huā,Mimosa Flower,合欢花,,合欢花,1.25,4:1,4,5,stress|sleep|anxiety|depression|mood,"Calm Shen, soothe Liver, relieve depression",Pregnancy,curated
197,厚朴花(厚朴),Hòu Pò Huā,Magnolia Flower,厚朴花,,厚朴,1.11,4.5:1,4.5,5,qi_move|damp|chest|stomach,"Move Qi, transform Damp and open the chest — gentler than the bark",Yin deficiency with dryness,derived
198,厚朴(厚朴),Hòu Pò,Magnolia Bark,厚朴,,厚朴,0.63,8:1,8,5,qi_move|damp|digestion|bloating|phlegm,"Move Qi, dry Damp, disperse fullness and descend rebellious Qi",Pregnancy; Qi deficiency; Yin deficiency with dryness,derived
199,姜厚朴(厚朴),Jiāng Hòu Pò,Ginger-processed Magnolia Bark,厚朴,姜,厚朴,0.63,8:1,8,5,qi_move|damp|digestion|bloating|phlegm|stomach,"Move Qi, dry Damp, disperse fullness and descend rebellious Qi. Ginger-processing warms the Middle, curbs toxicity and reduces the tendency to cause nausea, strengthening the phlegm-transforming and vomiting-stopping action.",Pregnancy; Qi deficiency; Yin deficiency with dryness,derived
200,合欢皮,Hé Huān Pí,Mimosa Bark,合欢皮,,,0.6,10:1,10,6,sleep|depression|stress|anxiety|liver_qi,"Calm Shen, relieve constraint, invigorate Blood",Pregnancy,curated
201,荷叶,Hé Yè,Lotus Leaf,荷叶,,,1,5:1,5,5,summerheat|spleen|weight|bleeding|cholesterol,"Clear summerheat, raise clear Yang, disperse stasis and stop bleeding",Weak constitution; Qi deficiency with sinking,derived
202,核桃仁,Hé Táo Rén,Walnut Kernel,核桃仁,,,1.09,5.5:1,5.5,6,kidney|lung|constipation|aging|yang_tonic,"Supplement the Kidney, warm the Lung, calm wheezing and moisten the intestines",Yin deficiency with Heat; loose stool; phlegm-Heat cough,derived
203,黑豆,Hēi Dòu,Black Soybean,黑豆,,,0.86,5.8:1,5.8,5,kidney|yin_tonic|blood_tonic|damp|detox,"Supplement the Kidney, nourish Yin and Blood, drain Damp and resolve toxin",Generally well tolerated; caution in severe Spleen deficiency,derived
204,诃子(诃子),Hē Zǐ,Terminalia Fruit,诃子,,诃子,2.5,2:1,2,5,diarrhoea|astringent|cough|throat|voice,"Astringe the intestines, restrain the Lung, descend Fire and benefit the throat",Early-stage exterior pattern; Damp-Heat dysentery with excess,derived
205,黑豆衣,Hēi Dòu Yī,Black Soybean Coat,黑豆衣,,,2.14,7:1,7,15,blood_tonic|yin_tonic|fever|eye|sweating,"Nourish Blood, dispel Wind, clear deficiency Heat and brighten the eyes",Generally well tolerated,derived
206,红花,Hóng Huā,Safflower,红花,,,1.36,2.2:1,2.2,3,blood_stasis|women|menstrual|heart|pain,"Invigorate Blood, dispel stasis, relieve pain","Pregnancy, bleeding disorders",curated
207,红参,Hóng Shēn,Red Ginseng,红参,,,3.33,1.5:1,1.5,5,qi_tonic|yang_tonic|fatigue|aging|circulation,"Steaming makes ginseng warmer and more Yang-supporting, strongly tonifying Qi and restoring Yang",Yin deficiency with Heat; hypertension; incompatible with 藜芦 and 五灵脂,derived
208,红豆蔻,Hóng Dòu Kòu,Galangal Fruit,红豆蔻,,,0.71,7:1,7,5,cold|damp|stomach|digestion|nausea,"Disperse Cold, dry Damp, warm the Middle and aid digestion",Yin deficiency with Heat,derived
209,胡芦巴,Hú Lú Bā,Fenugreek Seed,胡芦巴,,,1,5:1,5,5,kidney|yang_tonic|cold|pain|hernia,"Warm the Kidney, assist Yang, disperse Cold and relieve pain",Yin deficiency with Heat; pregnancy,derived
210,黄药子,Huáng Yào Zǐ,Dioscorea Bulbifera,黄药子,,,0.56,9:1,9,5,nodule|thyroid|toxin|heat|bleeding,"Dissolve phlegm, dissipate nodules, cool Blood and resolve toxin",HEPATOTOXIC — short courses only with liver monitoring; Spleen Cold deficiency,derived
211,虎杖,Hǔ Zhàng,Polygonum Cuspidatum Root,虎杖,,,2,4.5:1,4.5,9,damp|liver|jaundice|blood_move|constipation,"Drain Damp, resolve toxin, invigorate Blood, free the stool and stop cough",Pregnancy; loose stool; prolonged use — monitor liver,derived
212,花椒(花椒),Huā Jiāo,Sichuan Pepper,花椒,,花椒,0.86,3.5:1,3.5,3,cold|stomach|pain|parasite|itch,"Warm the Middle, relieve pain, kill parasites and stop itching",Yin deficiency with Heat; pregnancy,derived
213,滑石,Huá Shí,Talcum,滑石,,,0.8,12.5:1,12.5,10,urinary|damp|summerheat|heat|skin,"Promote urination, drain Damp-Heat and release summerheat",Pregnancy; Spleen deficiency; Essence loss; must be bagged when decocted,derived
214,化橘红(柚),Huà Jú Hóng,Pomelo Peel,化橘红,,柚,1.15,2.6:1,2.6,3,phlegm|cough|qi_move|damp|lung,"Move Qi, dry Damp, transform phlegm and stop cough",Yin deficiency with dry cough; Qi deficiency,derived
215,槐花(槐花),Huái Huā,Sophora Flower,槐花,,槐花,1.67,3:1,3,5,bleeding|heat|haemorrhoid|liver,"Cool Blood, stop bleeding and clear Liver Fire",Spleen and Stomach Cold deficiency; bleeding from Cold or deficiency,derived
216,黄柏,Huáng Bǎi,Phellodendron Bark,黄柏,,,1.2,5:1,5,6,women|menopause|heat|damp_heat|kidney,"Clear Damp-Heat, reduce Empty Fire, drain Kidney Fire","Spleen-Stomach Cold, pregnancy",curated
217,盐黄柏,Yán Huáng Bǎi,Salt-processed Phellodendron Bark,黄柏,盐,,1.5,4:1,4,6,women|menopause|heat|damp_heat|kidney,"Clear Damp-Heat, reduce Empty Fire, drain Kidney Fire. Salt directs the action downward to the Kidney, strengthening the Kidney-tonifying and Yin-enriching effect.","Spleen-Stomach Cold, pregnancy",curated+processed
218,黄精(多花黄精),Huáng Jīng,Polygonatum Rhizome,黄精,,多花黄精,3.85,1.3:1,1.3,5,qi_tonic|yin_tonic|spleen|lung|kidney|aging,"Supplement Qi, nourish Yin, strengthen the Spleen, moisten the Lung and benefit the Kidney",Damp accumulation; Spleen deficiency with loose stool; phlegm-Damp,derived
219,酒黄精(多花黄精),Jiǔ Huáng Jīng,Wine-processed Polygonatum Rhizome,黄精,酒,多花黄精,4.17,1.2:1,1.2,5,qi_tonic|yin_tonic|spleen|lung|kidney|aging|blood_move,"Supplement Qi, nourish Yin, strengthen the Spleen, moisten the Lung and benefit the Kidney. Wine-processing warms and mobilises, carrying the action upward and enhancing Blood-moving and channel-freeing effects.",Damp accumulation; Spleen deficiency with loose stool; phlegm-Damp,derived
220,黄连(黄连),Huáng Lián,Coptis Rhizome,黄连,,黄连,0.67,4.5:1,4.5,3,heat|gut|heart|infection|damp_heat,"Clear Heart and Stomach Fire, dry Damp, resolve toxins",Cold deficiency patterns; long-term use cautious,curated
221,酒黄连(黄连),Jiǔ Huáng Lián,Wine-processed Coptis Rhizome,黄连,酒,黄连,0.67,4.5:1,4.5,3,heat|gut|heart|infection|damp_heat|blood_move,"Clear Heart and Stomach Fire, dry Damp, resolve toxins. Wine-processing warms and mobilises, carrying the action upward and enhancing Blood-moving and channel-freeing effects.",Cold deficiency patterns; long-term use cautious,curated+processed
222,黄芪(蒙古黄芪),Huáng Qí,Astragalus Root,黄芪,,蒙古黄芪,4,2.5:1,2.5,10,qi_tonic|immune|fatigue|aging|sweating|spleen,"Tonify Wei Qi, strengthen Spleen, raise Yang, promote healing","Excess patterns, Yin deficiency heat",curated
223,炙黄芪(蒙古黄芪),Zhì Huáng Qí,Honey-fried Astragalus Root,黄芪,炙,蒙古黄芪,3.13,1.6:1,1.6,5,qi_tonic|immune|fatigue|aging|sweating|spleen,"Tonify Wei Qi, strengthen Spleen, raise Yang, promote healing. Honey-frying warms and moistens, enhancing the Qi-tonifying and Middle-harmonising action while reducing dispersing effects.","Excess patterns, Yin deficiency heat",curated+processed
224,黄芩,Huáng Qín,Scutellaria Root (Skullcap),黄芩,,,2.27,2.2:1,2.2,5,heat|lung|damp_heat|liver|infection,"Clear Heat, dry Damp, cool Blood, calm fetus",Spleen-Stomach deficiency cold,curated
225,酒黄芩,Jiǔ Huáng Qín,Wine-processed Scutellaria Root (Skullcap),黄芩,酒,,2.27,2.2:1,2.2,5,heat|lung|damp_heat|liver|infection|blood_move,"Clear Heat, dry Damp, cool Blood, calm fetus. Wine-processing warms and mobilises, carrying the action upward and enhancing Blood-moving and channel-freeing effects.",Spleen-Stomach deficiency cold,curated+processed
226,火麻仁,Huǒ Má Rén,Hemp Seed,火麻仁,,,2.86,3.5:1,3.5,10,constipation|yin_tonic|dryness|aging|gut,"Moisten the intestines, free the stool and nourish Yin",Loose stool; large doses may cause nausea and dizziness,derived
227,炒火麻仁,Chǎo Huǒ Má Rén,Dry-fried Hemp Seed,火麻仁,炒,,3.13,3.2:1,3.2,10,constipation|yin_tonic|dryness|aging|gut|spleen,"Moisten the intestines, free the stool and nourish Yin. Dry-frying warms the herb, moderates cold or harsh properties and improves tolerance by the Spleen and Stomach.",Loose stool; large doses may cause nausea and dizziness,derived
228,火炭母(火炭母),Huǒ Tàn Mǔ,Polygonum Chinense,火炭母,,火炭母,2.73,5.5:1,5.5,15,heat|damp|diarrhoea|toxin|skin,"Clear Heat, drain Damp, cool Blood and resolve toxin",Spleen Cold deficiency,derived
229,何首乌,Hé Shǒu Wū,Fo-Ti Root,何首乌,,,0.45,6.7:1,6.7,3,blood_tonic|kidney|aging|hair|liver,"Tonify Liver and Kidney, nourish Blood, blacken hair",Hepatotoxicity risk — use processed form; no alcohol,curated
230,制何首乌,Zhì Hé Shǒu Wū,Processed Fo-Ti Root,何首乌,制,,1.5,4:1,4,6,blood_tonic|kidney|aging|hair|liver,"Tonify Liver and Kidney, nourish Blood, blacken hair. Processing reduces toxicity and harshness so the herb can be used safely at therapeutic dose.",Hepatotoxicity risk — use processed form; no alcohol,curated+processed
231,红景天,Hóng Jǐng Tiān,Rhodiola,红景天,,,1,3:1,3,3,qi_tonic|fatigue|stress|aging|heart|lung|brain,"Tonify Qi, invigorate Blood, calm Shen, strengthen Lung",Bipolar disorder (with caution),curated
232,葫芦茶,Hú Lú Chá,Tadehagi,葫芦茶,,,0.77,6.5:1,6.5,5,heat|damp|digestion|parasite|throat,"Clear Heat, drain Damp, aid digestion and kill parasites",Spleen Cold deficiency,derived
233,槐角,Huái Jiǎo,Sophora Fruit,槐角,,,1.71,3.5:1,3.5,6,bleeding|haemorrhoid|heat|constipation|liver,"Clear Heat, cool Blood, stop bleeding and moisten the intestines",Pregnancy; Spleen and Stomach Cold deficiency,derived
234,蜜槐角,Mì Huái Jiǎo,Honey-fried Sophora Fruit,槐角,蜜,,4,1.5:1,1.5,6,bleeding|haemorrhoid|heat|constipation|liver|lung|cough,"Clear Heat, cool Blood, stop bleeding and moisten the intestines. Honey-frying moistens the Lung and moderates harshness, strengthening the cough-stopping and Lung-moistening action.",Pregnancy; Spleen and Stomach Cold deficiency,derived
235,鸡骨草,Jī Gǔ Cǎo,Abrus Herb,鸡骨草,,,0.63,8:1,8,5,liver|jaundice|damp|heat|pain,"Drain Damp, relieve jaundice, soothe the Liver and relieve pain",The SEEDS are highly toxic and must be removed; Spleen Cold deficiency,derived
236,鸡冠花,Jī Guān Huā,Cockscomb Flower,鸡冠花,,,1.2,5:1,5,6,bleeding|diarrhoea|discharge|astringent|women,"Stop bleeding, restrain the intestines and stop discharge",Damp-Heat with excess; early-stage dysentery,derived
237,鸡内金,Jī Nèi Jīn,Chicken Gizzard Lining,鸡内金,,,0.63,8:1,8,5,digestion|spleen|stone|urinary|paediatric,"Aid digestion powerfully, strengthen the Spleen, secure Essence and dissolve stones",Spleen deficiency without food stagnation,derived
238,炒鸡内金,Chǎo Jī Nèi Jīn,Dry-fried Chicken Gizzard Lining,鸡内金,炒,,0.63,8:1,8,5,digestion|spleen|stone|urinary|paediatric,"Aid digestion powerfully, strengthen the Spleen, secure Essence and dissolve stones. Dry-frying warms the herb, moderates cold or harsh properties and improves tolerance by the Spleen and Stomach.",Spleen deficiency without food stagnation,derived
239,鸡矢藤,Jī Shǐ Téng,Paederia Stem,鸡矢藤,,,1.67,6:1,6,10,digestion|damp|pain|collateral|gut,"Aid digestion, transform Damp, relieve pain and free the collaterals",Generally well tolerated,derived
240,急性子,Jí Xìng Zǐ,Garden Balsam Seed,急性子,,,0.83,6:1,6,5,blood_move|nodule|throat|menstrual,"Break Blood stasis, soften hardness and free the throat",Pregnancy — strong abortifacient; Qi and Blood deficiency,derived
241,积雪草,Jī Xuě Cǎo,Centella,积雪草,,,1.43,3.5:1,3.5,5,heat|damp|skin|wound|liver,"Clear Heat, drain Damp, resolve toxin, invigorate Blood and heal wounds",Pregnancy; Spleen Cold deficiency,derived
242,鸡血藤,Jī Xuè Téng,Spatholobus Stem,鸡血藤,,,1.64,5.5:1,5.5,9,blood_tonic|women|menstrual|joint|blood_stasis,"Invigorate and nourish Blood, relax sinews",None significant,curated
243,接骨木(接骨木),Jiē Gǔ Mù,Elder Stem,接骨木,,接骨木,1,10:1,10,10,wind_damp|trauma|fracture|pain|oedema,"Dispel Wind-Damp, invigorate Blood, mend fracture and reduce swelling",Pregnancy; Qi and Blood deficiency,derived
244,僵蚕,Jiāng Cán,Stiff Silkworm,僵蚕,,,1,3:1,3,3,wind|spasm|nodule|skin|headache,"Extinguish Wind, stop spasm, dispel Wind and relieve pain, dissipate nodules",Blood deficiency generating Wind without Wind-phlegm,derived
245,炒僵蚕,Chǎo Jiāng Cán,Dry-fried Stiff Silkworm,僵蚕,炒,,1,3:1,3,3,wind|spasm|nodule|skin|headache|spleen,"Extinguish Wind, stop spasm, dispel Wind and relieve pain, dissipate nodules. Dry-frying warms the herb, moderates cold or harsh properties and improves tolerance by the Spleen and Stomach.",Blood deficiency generating Wind without Wind-phlegm,derived
246,姜黄,Jiāng Huáng,Turmeric Rhizome,姜黄,,,0.91,5.5:1,5.5,5,blood_move|pain|liver|inflammation|menstrual,"Invigorate Blood, move Qi, free the channels and relieve pain — distinct from ginger",Pregnancy; Blood deficiency without stasis; gallstone obstruction; anticoagulant therapy,derived
247,蒺藜,Jí Lí,Tribulus Fruit,蒺藜,,,0.83,6:1,6,5,liver|eye|itch|skin|headache,"Calm the Liver, dispel Wind, brighten the eyes, stop itching and free Qi constraint",Pregnancy; Qi and Blood deficiency,derived
248,炒蒺藜,Chǎo Jí Lí,Dry-fried Tribulus Fruit,蒺藜,炒,,0.77,6.5:1,6.5,5,liver|eye|itch|skin|headache|spleen,"Calm the Liver, dispel Wind, brighten the eyes, stop itching and free Qi constraint. Dry-frying warms the herb, moderates cold or harsh properties and improves tolerance by the Spleen and Stomach.",Pregnancy; Qi and Blood deficiency,derived
249,桔梗,Jié Gěng,Platycodon Root,桔梗,,,3.33,1.5:1,1.5,5,lung|cough|phlegm|throat|abscess,"Open the Lung, dissolve phlegm, benefit the throat and expel pus — guides other herbs upward",Cough from Yin deficiency with blood in sputum; peptic ulcer; high dose causes nausea,derived
250,金银花,Jīn Yín Huā,Honeysuckle Flower,金银花,,,2,3:1,3,6,immune|heat|infection|skin,"Clear Heat, resolve Fire toxins, expel Wind-Heat",Cold deficiency patterns,curated
251,金樱子肉,Jīn Yīng Zǐ Ròu,Cherokee Rose Fruit Flesh,金樱子肉,,,3,2:1,2,6,kidney|essence|urinary|astringent,"Secure the Kidney, astringe Essence and reduce urination — the deseeded flesh",Excess Heat or Damp-Heat,derived
252,金樱子,Jīn Yīng Zǐ,Cherokee Rose Fruit,金樱子,,,2,3:1,3,6,kidney|essence|urinary|astringent|diarrhoea,"Secure the Kidney, astringe Essence, reduce urination and restrain the intestines",Excess Heat or Damp-Heat; early-stage exterior pattern,derived
253,荆芥,Jīng Jiè,Schizonepeta,荆芥,,,0.88,5.7:1,5.7,5,exterior|wind_cold|rash|itch|skin,"Release the exterior, disperse Wind, vent rashes and stop bleeding when charred",Exterior deficiency with sweating; measles fully erupted; add late in decoction,derived
254,荆芥炭,Jīng Jiè Tàn,Charred Schizonepeta,荆芥炭,,,0.67,7.5:1,7.5,5,bleeding|astringent|women,"Charring converts the action to stopping bleeding, particularly uterine",No longer releases the exterior — not for Wind patterns,derived
255,荆芥穗,Jīng Jiè Suì,Schizonepeta Spike,荆芥穗,,,1.16,4.3:1,4.3,5,exterior|wind_cold|rash|itch|headache,The flowering spike disperses Wind more strongly than the whole herb,Exterior deficiency with sweating; add late in decoction,derived
256,九节菖蒲,Jiǔ Jié Chāng Pú,Anemone Altaica Rhizome,九节菖蒲,,,0.75,4:1,4,3,shen|phlegm|memory|spleen,"Open the orifices, transform phlegm, quiet the Shen and awaken the Spleen",Yin deficiency with heat; excessive sweating,derived
257,救必应,Jiù Bì Yìng,Ilex Rotunda Bark,救必应,,,1.25,4:1,4,5,heat|toxin|damp|pain|gut,"Clear Heat, resolve toxin, drain Damp and relieve pain",Spleen and Stomach Cold deficiency,derived
258,韭菜子,Jiǔ Cài Zǐ,Chinese Chive Seed,韭菜子,,,0.67,7.5:1,7.5,5,kidney|yang_tonic|essence|liver|urinary,"Warm and supplement the Liver and Kidney, assist Yang and secure Essence",Yin deficiency with Fire,derived
259,橘核,Jú Hé,Tangerine Seed,橘核,,,1,5:1,5,5,thyroid|nodule|liver|qi_stagnation|pain,"Move Qi, disperse clumping, stop pain",None significant,curated
260,盐橘核,Yán Jú Hé,Salt-processed Tangerine Seed,橘核,盐,,1.11,4.5:1,4.5,5,thyroid|nodule|liver|qi_stagnation|pain|kidney,"Move Qi, disperse clumping, stop pain. Salt directs the action downward to the Kidney, strengthening the Kidney-tonifying and Yin-enriching effect.",None significant,curated+processed
261,菊花,Jú Huā,Chrysanthemum Flower,菊花,,,1.43,3.5:1,3.5,5,wind_heat|eye|liver|heat|headache,"Disperse Wind-Heat, calm the Liver, brighten the eyes and resolve toxin",Qi deficiency with poor appetite; Spleen Cold with loose stool,derived
262,决明子(钝叶决明),Jué Míng Zǐ,Cassia Seed,决明子,,钝叶决明,2,5:1,5,10,liver|eye|constipation|heat|cholesterol,"Clear the Liver, brighten the eyes, moisten the intestines and free the stool",Low blood pressure; loose stool; pregnancy,derived
263,炒决明子(钝叶决明),Chǎo Jué Míng Zǐ,Dry-fried Cassia Seed,决明子,炒,钝叶决明,2.22,4.5:1,4.5,10,liver|eye|constipation|heat|cholesterol|spleen,"Clear the Liver, brighten the eyes, moisten the intestines and free the stool. Dry-frying warms the herb, moderates cold or harsh properties and improves tolerance by the Spleen and Stomach.",Low blood pressure; loose stool; pregnancy,derived
264,芥子(芥),Jiè Zǐ,Mustard Seed,芥子,,芥,1.67,3:1,3,5,phlegm|cough|lung|nodule|pain,"Warm the Lung, dissolve phlegm, benefit Qi, dissipate nodules and free the collaterals",Lung Heat cough; Yin deficiency; skin irritant topically; peptic ulcer,derived
265,金荞麦,Jīn Qiáo Mài,Fagopyrum Dibotrys,金荞麦,,,1.76,8.5:1,8.5,15,lung|toxin|abscess|phlegm|throat,"Clear Heat, resolve toxin, expel pus, dissipate stasis and dissolve phlegm",Spleen Cold deficiency; pregnancy,derived
266,锦灯笼,Jǐn Dēng Lóng,Physalis Calyx,锦灯笼,,,1.25,4:1,4,5,throat|heat|toxin|cough|urinary,"Clear Heat, resolve toxin, benefit the throat and dissolve phlegm",Pregnancy; Spleen Cold deficiency,derived
267,九香虫,Jiǔ Xiāng Chóng,Aspongopus,九香虫,,,0.67,7.5:1,7.5,5,qi_move|pain|kidney|yang_tonic|stomach,"Move Qi and relieve pain, warm the Yang and strengthen the Kidney",Yin deficiency with Heat,derived
268,枯矾,Kū Fán,Calcined Alum,枯矾,,,1,1:1,1,1,astringent|damp|bleeding|skin|parasite,"Astringe, dry Damp, stop bleeding, kill parasites and resolve toxin",Internal use strictly limited; not for weak Spleen and Stomach; mainly topical,derived
269,苦楝皮(楝),Kǔ Liàn Pí,Melia Bark,苦楝皮,,楝,0.5,10:1,10,5,parasite|skin|tinea,Kill parasites and treat tinea,TOXIC — dose-limited; pregnancy; hepatic or renal impairment; weak constitution,derived
270,苦参,Kǔ Shēn,Sophora Flavescens Root,苦参,,,1,5:1,5,5,damp|skin|itch|heat|urinary,"Clear Heat, dry Damp, kill parasites, stop itching and promote urination",Spleen and Stomach deficiency Cold; incompatible with 藜芦; very bitter and cold,derived
271,燀苦杏仁(西伯利亚杏),Chǎn Kǔ Xìng Rén,Blanched Bitter Apricot Kernel,苦杏仁,燀,西伯利亚杏,0.77,6.5:1,6.5,5,cough|lung|asthma|constipation|phlegm,"Stop cough, calm wheezing, descend Lung Qi and moisten the intestines. Blanching removes the seed coat and destroys enzymes that would otherwise degrade the active constituents on storage.","TOXIC in quantity — strict dose limit, especially in infants; loose stool",derived
272,苦杏仁(西伯利亚杏),Kǔ Xìng Rén,Bitter Apricot Kernel,苦杏仁,,西伯利亚杏,0.83,6:1,6,5,cough|lung|asthma|constipation|phlegm,"Stop cough, calm wheezing, descend Lung Qi and moisten the intestines","TOXIC in quantity — strict dose limit, especially in infants; loose stool",derived
273,炒苦杏仁(西伯利亚杏),Chǎo Kǔ Xìng Rén,Dry-fried Bitter Apricot Kernel,苦杏仁,炒,西伯利亚杏,0.83,6:1,6,5,cough|lung|asthma|constipation|phlegm|spleen,"Stop cough, calm wheezing, descend Lung Qi and moisten the intestines. Dry-frying warms the herb, moderates cold or harsh properties and improves tolerance by the Spleen and Stomach.","TOXIC in quantity — strict dose limit, especially in infants; loose stool",derived
274,款冬花,Kuǎn Dōng Huā,Coltsfoot Flower,款冬花,,,3.34,1.5:1,1.5,5,cough|lung|phlegm|dryness,"Moisten the Lung, descend rebellious Qi, stop cough and dissolve phlegm","Contains pyrrolizidine alkaloids — avoid prolonged use, hepatotoxic risk; Lung Heat with blood in sputum",derived
275,蜜款冬花,Mì Kuǎn Dōng Huā,Honey-fried Coltsfoot Flower,款冬花,蜜,,4.17,1.2:1,1.2,5,cough|lung|phlegm|dryness,"Moisten the Lung, descend rebellious Qi, stop cough and dissolve phlegm. Honey-frying moistens the Lung and moderates harshness, strengthening the cough-stopping and Lung-moistening action.","Contains pyrrolizidine alkaloids — avoid prolonged use, hepatotoxic risk; Lung Heat with blood in sputum",derived
276,莱菔子,Lái Fú Zǐ,Radish Seed,莱菔子,,,1,5:1,5,5,digestion|bloating|phlegm|cough|gut,"Aid digestion, disperse distension, descend Qi and dissolve phlegm",Qi deficiency without stagnation; traditionally avoided with 人参,derived
277,炒莱菔子,Chǎo Lái Fú Zǐ,Dry-fried Radish Seed,莱菔子,炒,,1,5:1,5,5,digestion|bloating|phlegm|cough|gut|spleen,"Aid digestion, disperse distension, descend Qi and dissolve phlegm. Dry-frying warms the herb, moderates cold or harsh properties and improves tolerance by the Spleen and Stomach.",Qi deficiency without stagnation; traditionally avoided with 人参,derived
278,蓝花参,Lán Huā Shēn,Wahlenbergia Root,蓝花参,,,1.5,4:1,4,6,qi_tonic|spleen|lung|cough|fatigue,"Supplement Qi, strengthen the Spleen, moisten the Lung and stop cough",Generally well tolerated,derived
279,荔枝核,Lì Zhī Hé,Litchi Seed,荔枝核,,,0.77,6.5:1,6.5,5,qi_move|pain|hernia|cold|menstrual,"Move Qi, dissipate clumps, disperse Cold and relieve pain",No Cold stagnation present,derived
280,盐荔枝核,Yán Lì Zhī Hé,Salt-processed Litchi Seed,荔枝核,盐,,0.83,6:1,6,5,qi_move|pain|hernia|cold|menstrual|kidney,"Move Qi, dissipate clumps, disperse Cold and relieve pain. Salt directs the action downward to the Kidney, strengthening the Kidney-tonifying and Yin-enriching effect.",No Cold stagnation present,derived
281,连翘(青翘),Lián Qiào,Forsythia Fruit,连翘,,青翘,1.52,3.3:1,3.3,5,immune|heat|infection|lymph|thyroid,"Clear Heat, resolve toxins, dissipate nodules, dispel Wind-Heat",Spleen-Stomach deficiency cold,curated
282,莲须,Lián Xū,Lotus Stamen,莲须,,,1.36,2.2:1,2.2,3,kidney|essence|astringent|discharge|urinary,"Secure the Kidney, astringe Essence and stop discharge",Damp-Heat; painful urinary dribbling,derived
283,莲子,Lián Zǐ,Lotus Seed,莲子,,,1.5,4:1,4,6,gut|spleen|kidney|shen|sleep,"Tonify Spleen and Kidney, calm Shen, astringe Jing","Dry stool constipation, abdominal distension",curated
284,莲子心,Lián Zǐ Xīn,Lotus Plumule,莲子心,,,0.97,3.1:1,3.1,3,heart|heat|shen|insomnia|hypertension,"Clear the Heart, drain Fire, quiet the Shen and stop bleeding",Spleen and Stomach Cold deficiency; very bitter,derived
285,两面针,Liǎng Miàn Zhēn,Shinyleaf Prickly Ash Root,两面针,,,0.83,12:1,12,10,pain|blood_move|trauma|toothache,"Move Blood, dispel stasis, free the collaterals and relieve pain",Pregnancy; do not exceed dose — overdose causes dizziness and nausea,derived
286,灵芝(赤芝),Líng Zhī,Reishi Mushroom,灵芝,,赤芝,0.48,12.5:1,12.5,6,qi_tonic|immune|sleep|shen|aging|stress,"Calm Shen, tonify Qi and Blood, strengthen Heart and Lung",Anticoagulants (caution),curated
287,龙胆(龙胆),Lóng Dǎn,Gentian Root,龙胆,,龙胆,1.36,2.2:1,2.2,3,liver|heat|damp|jaundice|eye,"Drain Liver and Gallbladder Fire, clear Heat and dry Damp",Spleen and Stomach deficiency Cold; no Damp-Heat; extremely bitter — may cause nausea,derived
288,龙胆(坚龙胆),Lóng Dǎn,Gentian Root,龙胆,,坚龙胆,1.36,2.2:1,2.2,3,liver|heat|damp|jaundice|eye,"Drain Liver and Gallbladder Fire, clear Heat and dry Damp",Spleen and Stomach deficiency Cold; no Damp-Heat; extremely bitter — may cause nausea,derived
289,龙脷叶,Lóng Lì Yè,Sauropus Leaf,龙脷叶,,,2,2.5:1,2.5,5,cough|lung|phlegm|throat|dryness,"Clear the Lung, moisten dryness, stop cough and dissolve phlegm",Spleen Cold deficiency,derived
290,龙眼肉,Lóng Yǎn Ròu,Longan Flesh,龙眼肉,,,2.73,1.1:1,1.1,3,blood_tonic|heart|shen|sleep|spleen,"Nourish Heart and Spleen, tonify Blood, calm Shen","Phlegm-Damp, damp-heat",curated
291,漏芦,Lòu Lú,Rhaponticum Root,漏芦,,,0.6,8.3:1,8.3,5,toxin|breast|lactation|abscess|heat,"Clear Heat, resolve toxin, dissipate abscess, free lactation and the collaterals",Pregnancy; Qi and Blood deficiency; sores of deficiency type,derived
292,北刘寄奴,Běi Liú Jì Nú,Siphonostegia,北刘寄奴,,,0.75,4:1,4,3,blood_move|menstrual|damp|jaundice|trauma,"Invigorate Blood, disperse stasis, free menstruation and drain Damp",Pregnancy; Qi and Blood deficiency,derived
293,鹿衔草(鹿蹄草),Lù Xián Cǎo,Pyrola,鹿衔草,,鹿蹄草,1,5:1,5,5,wind_damp|bone|bleeding|cough|kidney,"Dispel Wind-Damp, strengthen sinew and bone, stop bleeding and stop cough",Generally well tolerated; caution in pregnancy,derived
294,鹿角胶(马鹿),Lù Jiǎo Jiāo,Deer Antler Glue,鹿角胶,,马鹿,2,1:1,1,2,kidney|yang_tonic|essence|blood_tonic|bleeding,"Warm and supplement Liver and Kidney, benefit Essence and Blood, stop bleeding",Yin deficiency with Fire; Damp-Heat; dissolve separately,derived
295,罗布麻叶,Luó Bù Má Yè,Apocynum Leaf,罗布麻叶,,,1.5,4:1,4,6,hypertension|liver|shen|oedema|heart,"Calm the Liver, quiet the Shen, clear Heat and promote urination",Cold deficiency; monitor with antihypertensive therapy,derived
296,路路通,Lù Lù Tōng,Liquidambar Fruit,路路通,,,0.6,16.7:1,16.7,10,collateral|wind_damp|lactation|oedema|breast,"Dispel Wind, free the collaterals, promote urination and free lactation",Pregnancy; heavy menstruation,derived
297,芦根,Lú Gēn,Reed Rhizome,芦根,,,0.85,5.9:1,5.9,5,heat|thirst|lung|nausea|urinary,"Clear Heat, generate fluids, relieve irritability, stop vomiting and promote urination",Spleen and Stomach Cold deficiency,derived
298,芦荟(库拉索芦荟),Lú Huì,Aloe,芦荟,,库拉索芦荟,2,1:1,1,2,constipation|liver|heat|parasite,"Drain downward, clear Liver Fire and kill parasites",Pregnancy; Spleen and Stomach deficiency; loose stool; strong purgative,derived
299,罗汉果,Luó Hàn Guǒ,Momordica Fruit,罗汉果,,,1.2,2.5:1,2.5,3,cough|lung|throat|constipation|thirst,"Clear the Lung, moisten dryness, free the stool and stop cough",Spleen Cold deficiency with loose stool,derived
300,龙骨,Lóng Gǔ,Dragon Bone (Fossil),龙骨,,,0.6,25:1,25,15,sleep|anxiety|shen|sweating,"Anchor Yang, calm Shen, astringe","Damp-Heat, exterior patterns",curated
301,煅龙骨,Duàn Lóng Gǔ,Calcined Dragon Bone (Fossil),龙骨,煅,,0.6,25:1,25,15,sleep|anxiety|shen|sweating|astringent,"Anchor Yang, calm Shen, astringe. Calcining makes a mineral or shell friable and readily decocted, strengthening the astringent, acid-restraining and anchoring action.","Damp-Heat, exterior patterns",curated+processed
302,绿豆,Lǜ Dòu,Mung Bean,绿豆,,,2,5:1,5,10,heat|toxin|summerheat|thirst|detox,"Clear Heat, resolve toxin, release summerheat and promote urination",Spleen and Stomach Cold deficiency; may reduce the effect of warming herbs,derived
303,络石藤,Luò Shí Téng,Trachelospermum Stem,络石藤,,,1.09,5.5:1,5.5,6,wind_damp|collateral|joint|heat|throat,"Dispel Wind, free the collaterals, cool Blood and reduce swelling",Cold deficiency patterns; loose stool,derived
304,两头尖,Liǎng Tóu Jiān,Anemone Rhizome,两头尖,,,0.5,4:1,4,2,wind_damp|pain|cold,"Dispel Wind-Damp, disperse Cold and relieve pain",Pregnancy; mildly toxic — use only in prescribed dose,derived
305,凌霄花(美洲凌霄),Líng Xiāo Huā,Trumpet Creeper Flower,凌霄花,,美洲凌霄,2,1.5:1,1.5,3,blood_move|menstrual|skin|heat|women,"Invigorate Blood, break stasis, cool Blood and dispel Wind",Pregnancy; Qi and Blood deficiency,derived
306,老鹳草(野老鹳草),Lǎo Guàn Cǎo,Geranium,老鹳草,,野老鹳草,2.5,4:1,4,10,wind_damp|joint|collateral|diarrhoea,"Dispel Wind-Damp, free the collaterals, clear Heat and stop diarrhoea",Generally well tolerated; caution in pregnancy,derived
307,马鞭草,Mǎ Biān Cǎo,Verbena,马鞭草,,,1,5:1,5,5,blood_move|toxin|damp|menstrual|oedema,"Invigorate Blood, dispel stasis, resolve toxin, drain Damp and check malarial disorder",Pregnancy; Qi and Blood deficiency,derived
308,马勃(大马勃),Mǎ Bó,Puffball,马勃,,大马勃,0.67,7.5:1,7.5,5,throat|lung|bleeding|toxin|voice,"Clear the Lung, benefit the throat, resolve toxin and stop bleeding",Cough from Wind-Cold; Spleen Cold deficiency,derived
309,马齿苋,Mǎ Chǐ Xiàn,Purslane,马齿苋,,,2.5,4:1,4,10,heat|toxin|diarrhoea|bleeding|skin,"Clear Heat, resolve toxin, cool Blood, stop bleeding and stop dysentery",Pregnancy; Spleen deficiency with loose stool,derived
310,蜜马兜铃(北马兜铃),Mì Mǎ Dōu Líng,Honey-fried Aristolochia Fruit,马兜铃,蜜,北马兜铃,1.2,2.5:1,2.5,3,cough|lung|asthma|phlegm,"Clear the Lung, descend Qi, stop cough and calm wheezing. Honey-frying moistens the Lung and moderates harshness, strengthening the cough-stopping and Lung-moistening action.",CONTAINS ARISTOLOCHIC ACID — nephrotoxic and carcinogenic; banned or restricted in many jurisdictions; verify Singapore HSA status before any use,derived
311,麻黄(草麻黄),Má Huáng,Ephedra,麻黄,,草麻黄,1,5:1,5,5,exterior|wind_cold|asthma|cough|oedema,"Release the exterior, disperse Cold, diffuse the Lung, calm wheezing and promote urination",RESTRICTED — check Singapore HSA status; hypertension; insomnia; heart disease; exterior deficiency with sweating; not with stimulants or MAOIs,derived
312,蜜麻黄(草麻黄),Mì Má Huáng,Honey-fried Ephedra,麻黄,蜜,草麻黄,1.79,2.8:1,2.8,5,exterior|wind_cold|asthma|cough|oedema|lung,"Release the exterior, disperse Cold, diffuse the Lung, calm wheezing and promote urination. Honey-frying moistens the Lung and moderates harshness, strengthening the cough-stopping and Lung-moistening action.",RESTRICTED — check Singapore HSA status; hypertension; insomnia; heart disease; exterior deficiency with sweating; not with stimulants or MAOIs,derived
313,麻黄根(草麻黄),Má Huáng Gēn,Ephedra Root,麻黄根,,草麻黄,0.88,5.7:1,5.7,5,sweating|astringent|exterior,Stop sweating — the root has the opposite action to the stem,Exterior pattern still present — would trap the pathogen,derived
314,毛冬青,Máo Dōng Qīng,Ilex Pubescens Root,毛冬青,,,1.2,12.5:1,12.5,15,blood_move|heart|circulation|heat|toxin,"Invigorate Blood, free the collaterals, clear Heat and resolve toxin",Pregnancy; bleeding tendency; anticoagulant therapy,derived
315,毛麝香,Máo Shè Xiāng,Adenosma,毛麝香,,,1.54,6.5:1,6.5,10,wind_damp|trauma|pain|skin,"Dispel Wind-Damp, invigorate Blood, reduce swelling and relieve pain",Pregnancy; mainly topical,derived
316,牡蛎(近江牡蛎),Mǔ Lì,Oyster Shell,牡蛎,,近江牡蛎,0.8,12.5:1,12.5,10,sleep|anxiety|thyroid|sweating|liver,"Anchor Liver Yang, calm Shen, soften hardness",None significant,curated
317,煅牡蛎(近江牡蛎),Duàn Mǔ Lì,Calcined Oyster Shell,牡蛎,煅,近江牡蛎,0.8,12.5:1,12.5,10,sleep|anxiety|thyroid|sweating|liver|astringent,"Anchor Liver Yang, calm Shen, soften hardness. Calcining makes a mineral or shell friable and readily decocted, strengthening the astringent, acid-restraining and anchoring action.",None significant,curated+processed
318,麦冬(川麦冬),Mài Dōng,Ophiopogon,麦冬,,川麦冬,2.73,1.1:1,1.1,3,yin_tonic|lung|heart|stomach|heat|aging,"Nourish Yin, moisten Lung, clear Heart Heat, generate fluids",Spleen deficiency with Cold-Damp,curated
319,麦芽,Mài Yá,Sprouted Barley,麦芽,,,1,10:1,10,10,digestion|spleen|appetite|liver|lactation,"Aid digestion of starch, strengthen the Spleen, soothe the Liver and reduce lactation at high dose",Breastfeeding women wishing to maintain supply — high doses suppress lactation,derived
320,炒麦芽,Chǎo Mài Yá,Dry-fried Sprouted Barley,麦芽,炒,,1,10:1,10,10,digestion|spleen|appetite|liver|lactation,"Aid digestion of starch, strengthen the Spleen, soothe the Liver and reduce lactation at high dose. Dry-frying warms the herb, moderates cold or harsh properties and improves tolerance by the Spleen and Stomach.",Breastfeeding women wishing to maintain supply — high doses suppress lactation,derived
321,焦麦芽,Jiāo Mài Yá,Scorch-fried Sprouted Barley,麦芽,焦,,2.08,4.8:1,4.8,10,digestion|spleen|appetite|liver|lactation|diarrhoea,"Aid digestion of starch, strengthen the Spleen, soothe the Liver and reduce lactation at high dose. Scorch-frying markedly strengthens the food-dispersing and diarrhoea-checking action, and adds a mild astringent, bleeding-stopping quality.",Breastfeeding women wishing to maintain supply — high doses suppress lactation,derived
322,蔓荆子(单叶蔓荆),Màn Jīng Zǐ,Vitex Fruit,蔓荆子,,单叶蔓荆,0.91,5.5:1,5.5,5,headache|wind_heat|eye|liver,"Disperse Wind-Heat, clear the head and eyes and relieve headache",Blood deficiency headache; Qi deficiency; Stomach deficiency,derived
323,炒蔓荆子(单叶蔓荆),Chǎo Màn Jīng Zǐ,Dry-fried Vitex Fruit,蔓荆子,炒,单叶蔓荆,0.81,6.2:1,6.2,5,headache|wind_heat|eye|liver|spleen,"Disperse Wind-Heat, clear the head and eyes and relieve headache. Dry-frying warms the herb, moderates cold or harsh properties and improves tolerance by the Spleen and Stomach.",Blood deficiency headache; Qi deficiency; Stomach deficiency,derived
324,猫爪草,Māo Zhuǎ Cǎo,Ranunculus Ternatus,猫爪草,,,2.27,2.2:1,2.2,5,thyroid|nodule|lymph|phlegm,"Resolve Phlegm, dissipate nodules and masses",None significant,curated
325,玫瑰花,Méi Guī Huā,Rose Flower,玫瑰花,,,0.81,3.7:1,3.7,3,stress|liver_qi|women|menstrual|mood,"Move Liver Qi, regulate Blood, uplift mood",Pregnancy (large doses),curated
326,密蒙花,Mì Méng Huā,Buddleia Flower,密蒙花,,,1.43,3.5:1,3.5,5,eye|liver|heat|yin_tonic,"Clear the Liver, drain Heat, nourish the Liver and brighten the eyes",Spleen Cold deficiency,derived
327,墨旱莲,Mò Hàn Lián,Eclipta,墨旱莲,,,1.33,4.5:1,4.5,6,yin_tonic|kidney|liver|bleeding|hair|aging,"Nourish Liver and Kidney Yin, cool Blood and stop bleeding, blacken the hair",Spleen and Kidney Yang deficiency with loose stool,derived
328,牡丹皮,Mǔ Dān Pí,Moutan Bark,牡丹皮,,,2,3:1,3,6,blood_cooling|women|heat|liver|blood_stasis,"Clear Heat, cool Blood, invigorate Blood, clear Liver Fire","Pregnancy, excessive menstruation",curated
329,煅珍珠母(三角帆蚌),Duàn Zhēn Zhū Mǔ,Calcined Mother of Pearl,珍珠母,煅,三角帆蚌,0.67,15:1,15,10,liver|sleep|anxiety|eyes|liver_yang|astringent,"Calm Liver Yang, clear Heat, calm Shen, improve vision. Calcining makes a mineral or shell friable and readily decocted, strengthening the astringent, acid-restraining and anchoring action.",Spleen deficiency cold,curated+processed
330,木瓜,Mù Guā,Chaenomeles Fruit,木瓜,,,3.33,1.8:1,1.8,6,wind_damp|sinew|cramp|stomach|damp,"Relax the sinews, free the collaterals, transform Damp and harmonise the Stomach",Excess gastric acid; frequent urination; large doses harm bone and teeth,derived
331,木蝴蝶,Mù Hú Dié,Oroxylum Seed,木蝴蝶,,,0.55,5.5:1,5.5,3,throat|lung|cough|liver|stomach,"Clear the Lung, benefit the throat, soothe the Liver and harmonise the Stomach",Spleen Cold deficiency with loose stool,derived
332,木棉花,Mù Mián Huā,Kapok Flower,木棉花,,,2.25,4:1,4,9,heat|damp|diarrhoea|gut,"Clear Heat, drain Damp and stop diarrhoea",Spleen Cold deficiency,derived
333,木香,Mù Xiāng,Costus Root,木香,,,2.31,1.3:1,1.3,3,gut|qi_stagnation|pain|spleen|liver,"Move Qi, stop pain, strengthen Spleen, prevent Damp stagnation",Yin deficiency with Heat,curated
334,木贼,Mù Zéi,Equisetum,木贼,,,0.91,5.5:1,5.5,5,eye|wind_heat|bleeding|liver,"Disperse Wind-Heat, remove screens and brighten the eyes, stop bleeding",Qi and Blood deficiency; Yin deficiency with Heat,derived
335,醋没药(天然没药),Cù Mò Yào,Vinegar-processed Myrrh,没药,醋,天然没药,1.07,2.8:1,2.8,3,pain|blood_move|trauma|wound|liver,"Invigorate Blood, dispel stasis, reduce swelling and relieve pain. Vinegar directs the action to the Liver and to the Blood level, strengthening Qi-moving, Blood-stasis-dispelling and pain-relieving effects.",Pregnancy; weak Spleen and Stomach — irritating; no stasis present,derived
336,绵萆薢(绵萆薢),Mián Bì Xiè,Dioscorea Septemloba,绵萆薢,,绵萆薢,2.33,4.3:1,4.3,10,damp|urinary|joint|skin|turbid_urine,"Separate the clear from the turbid, drain Damp and dispel Wind-Damp",Kidney Yin deficiency; frequent urination from deficiency,derived
337,绵马贯众,Mián Mǎ Guàn Zhòng,Dryopteris Rhizome,绵马贯众,,,0.6,5:1,5,3,toxin|parasite|bleeding|antiviral,"Clear Heat, resolve toxin, kill parasites and stop bleeding",Pregnancy; toxic — dose-limited; Spleen Cold deficiency,derived
338,木芙蓉叶,Mù Fú Róng Yè,Hibiscus Leaf,木芙蓉叶,,,1,5:1,5,5,heat|toxin|skin|abscess,"Clear Heat, cool Blood, resolve toxin and reduce swelling",Spleen Cold deficiency; mainly topical,derived
339,南沙参(轮叶沙参),Nán Shā Shēn,Adenophora Root,南沙参,,轮叶沙参,2.5,2:1,2,5,yin_tonic|lung|stomach|cough|dryness,"Nourish Lung Yin, clear Lung Heat, benefit Stomach Yin and generate fluids",Cough from Wind-Cold; Spleen Cold with loose stool; incompatible with 藜芦,derived
340,南杏仁,Nán Xìng Rén,Sweet Apricot Kernel,南杏仁,,,0.83,6:1,6,5,cough|lung|constipation|dryness,"Moisten the Lung, stop cough and moisten the intestines",Loose stool; milder and less toxic than 苦杏仁 but still dose-limited,derived
341,牛蒡子,Niú Bàng Zǐ,Burdock Fruit,牛蒡子,,,1.2,5:1,5,6,wind_heat|throat|rash|toxin|skin,"Disperse Wind-Heat, vent rashes, benefit the throat and resolve toxin",Spleen deficiency with loose stool — it is cold and moistening,derived
342,炒牛蒡子,Chǎo Niú Bàng Zǐ,Dry-fried Burdock Fruit,牛蒡子,炒,,1.2,5:1,5,6,wind_heat|throat|rash|toxin|skin|spleen,"Disperse Wind-Heat, vent rashes, benefit the throat and resolve toxin. Dry-frying warms the herb, moderates cold or harsh properties and improves tolerance by the Spleen and Stomach.",Spleen deficiency with loose stool — it is cold and moistening,derived
343,牛大力,Niú Dà Lì,Millettia Root,牛大力,,,1.67,6:1,6,10,lung|spleen|qi_tonic|sinew|fatigue,"Supplement the Lung, strengthen the Spleen, moisten dryness and strengthen the sinews",Generally well tolerated,derived
344,女贞子,Nǚ Zhēn Zǐ,Ligustrum Fruit,女贞子,,,1.82,3.3:1,3.3,6,kidney|liver|yin_tonic|aging|hair|eyes,"Tonify Liver and Kidney Yin, darken hair, brighten eyes","Spleen-Stomach deficiency-cold, diarrhea",curated
345,酒女贞子,Jiǔ Nǚ Zhēn Zǐ,Wine-processed Ligustrum Fruit,女贞子,酒,,2.31,2.6:1,2.6,6,kidney|liver|yin_tonic|aging|hair|eyes|blood_move,"Tonify Liver and Kidney Yin, darken hair, brighten eyes. Wine-processing warms and mobilises, carrying the action upward and enhancing Blood-moving and channel-freeing effects.","Spleen-Stomach deficiency-cold, diarrhea",curated+processed
346,牛膝,Niú Xī,Achyranthes Root,牛膝,,,3.85,1.3:1,1.3,5,blood_move|kidney|back_pain|menstrual|hypertension,"Invigorate Blood, free menstruation, supplement Liver and Kidney, strengthen the lumbus and guide Fire downward",Pregnancy; heavy menstruation; loose stool from Spleen deficiency,derived
347,糯稻根,Nuò Dào Gēn,Glutinous Rice Root,糯稻根,,,0.75,20:1,20,15,sweating|stomach|fever|yin_tonic,"Stop sweating, nourish the Stomach, clear deficiency Heat",Generally well tolerated,derived
348,藕节,Ǒu Jié,Lotus Node,藕节,,,0.91,11:1,11,10,bleeding|blood_move|lung|women,Stop bleeding and dispel stasis without leaving stagnation,Generally well tolerated,derived
349,藕节炭,Ǒu Jié Tàn,Charred Lotus Node,藕节炭,,,2.22,4.5:1,4.5,10,bleeding|astringent,Charring strengthens the astringent bleeding-stopping action,Bleeding due to marked stasis,derived
350,佩兰,Pèi Lán,Eupatorium,佩兰,,,1.25,4:1,4,5,damp|spleen|summerheat|appetite,"Transform Damp, awaken the Spleen and release summerheat",Yin deficiency; Qi deficiency without Damp,derived
351,枇杷叶,Pí Pá Yè,Loquat Leaf,枇杷叶,,,1.5,4:1,4,6,cough|lung|heat|nausea|phlegm,"Clear the Lung, descend rebellious Qi, stop cough and harmonise the Stomach",Cough from Cold; Stomach Cold vomiting; hairs must be removed,derived
352,蜜枇杷叶,Mì Pí Pá Yè,Honey-fried Loquat Leaf,枇杷叶,蜜,,2.4,2.5:1,2.5,6,cough|lung|heat|nausea|phlegm,"Clear the Lung, descend rebellious Qi, stop cough and harmonise the Stomach. Honey-frying moistens the Lung and moderates harshness, strengthening the cough-stopping and Lung-moistening action.",Cough from Cold; Stomach Cold vomiting; hairs must be removed,derived
353,蒲公英(碱地蒲公英),Pú Gōng Yīng,Dandelion,蒲公英,,碱地蒲公英,2.7,3.7:1,3.7,10,heat|toxin|breast|liver|urinary,"Clear Heat, resolve toxin, dissipate nodules, drain Damp and free lactation",Spleen Cold deficiency; large doses may cause loose stool,derived
354,蒲黄(水烛香蒲),Pú Huáng,Typha Pollen,蒲黄,,水烛香蒲,1,5:1,5,5,bleeding|blood_move|menstrual|pain|women,"Stop bleeding, invigorate Blood and dispel stasis",Pregnancy; no stasis present; must be bagged when decocted,derived
355,蒲黄炭(水烛香蒲),Pú Huáng Tàn,Charred Typha Pollen,蒲黄炭,,水烛香蒲,0.68,7.3:1,7.3,5,bleeding|astringent,Charring strengthens the bleeding-stopping action and reduces Blood-moving effect,Bleeding due to stasis,derived
356,青风藤(青藤),Qīng Fēng Téng,Sinomenium Stem,青风藤,,青藤,1.07,5.6:1,5.6,6,wind_damp|joint|collateral|pain|oedema,"Dispel Wind-Damp, free the collaterals and promote urination",May cause rash and itching; use with care in allergy-prone patients,derived
357,青天葵,Qīng Tiān Kuí,Nervilia Leaf,青天葵,,,1.25,4:1,4,5,lung|heat|toxin|cough|throat,"Clear the Lung, resolve toxin, dissipate stasis and reduce swelling",Spleen Cold deficiency,derived
358,茜草,Qiàn Cǎo,Rubia Root,茜草,,,1,5:1,5,5,bleeding|blood_move|menstrual|heat|women,"Cool Blood, stop bleeding, invigorate Blood and dispel stasis",Spleen and Stomach deficiency Cold; no stasis or Heat present,derived
359,前胡,Qián Hú,Peucedanum Root,前胡,,,1.43,3.5:1,3.5,5,cough|phlegm|lung|wind_heat,"Descend Qi, transform phlegm and disperse Wind-Heat",Cough from Yin deficiency or dryness; Cold patterns,derived
360,芡实,Qiàn Shí,Gordon Euryale Seed,芡实,,,0.9,10:1,10,9,gut|kidney|spleen|damp|jing,"Tonify Spleen and Kidney, resolve Damp, astringe Jing","Food stagnation, constipation",curated
361,麸炒芡实,Fū Chǎo Qiàn Shí,Bran-fried Gordon Euryale Seed,芡实,麸炒,,1.34,6.7:1,6.7,9,gut|kidney|spleen|damp|jing|stomach,"Tonify Spleen and Kidney, resolve Damp, astringe Jing. Bran-frying moderates harshness and directs the action to the Spleen and Stomach, strengthening the tonifying effect while reducing irritation to the gut.","Food stagnation, constipation",curated+processed
362,千年健,Qiān Nián Jiàn,Homalomena Rhizome,千年健,,,1,5:1,5,5,wind_damp|bone|sinew|aging|pain,"Dispel Wind-Damp, strengthen sinew and bone",Yin deficiency with Heat,derived
363,千里光,Qiān Lǐ Guāng,Climbing Groundsel,千里光,,,2,5:1,5,10,heat|toxin|skin|eye|damp,"Clear Heat, resolve toxin, cool Blood and brighten the eyes","Spleen Cold deficiency; contains pyrrolizidine alkaloids — avoid prolonged use, hepatotoxic risk",derived
364,千斤拔,Qiān Jīn Bá,Flemingia Root,千斤拔,,,0.53,9.5:1,9.5,5,wind_damp|kidney|back_pain|fatigue,"Dispel Wind-Damp, strengthen the lumbus and knees, invigorate Blood and relieve pain",Generally well tolerated; caution in pregnancy,derived
365,牵牛子(裂叶牵牛),Qiān Niú Zǐ,Pharbitis Seed,牵牛子,,裂叶牵牛,0.63,8:1,8,5,constipation|oedema|parasite|damp,"Drive out water, drain downward, disperse accumulation and expel parasites",Pregnancy; weak constitution; toxic at high dose; incompatible with 巴豆,derived
366,炒牵牛子(裂叶牵牛),Chǎo Qiān Niú Zǐ,Dry-fried Pharbitis Seed,牵牛子,炒,裂叶牵牛,0.77,6.5:1,6.5,5,constipation|oedema|parasite|damp|spleen,"Drive out water, drain downward, disperse accumulation and expel parasites. Dry-frying warms the herb, moderates cold or harsh properties and improves tolerance by the Spleen and Stomach.",Pregnancy; weak constitution; toxic at high dose; incompatible with 巴豆,derived
367,秦艽(粗茎秦艽),Qín Jiāo,Gentiana Macrophylla Root,秦艽,,粗茎秦艽,2.78,1.8:1,1.8,5,wind_damp|joint|fever|sinew|jaundice,"Dispel Wind-Damp, relax the sinews, clear deficiency Heat and free the collaterals",Loose stool; chronic pain with Blood deficiency and no Damp,derived
368,秦皮(尖叶白蜡树),Qín Pí,Fraxinus Bark,秦皮,,尖叶白蜡树,0.67,9:1,9,6,heat|damp|diarrhoea|eye|discharge,"Clear Heat, dry Damp, astringe, stop dysentery and brighten the eyes",Spleen and Stomach deficiency Cold,derived
369,青蒿,Qīng Hāo,Sweet Wormwood,青蒿,,,1.09,5.5:1,5.5,6,fever|heat|summerheat|malaria|yin_tonic,"Clear deficiency Heat, cool Blood, release summerheat and check malarial disorder",Spleen and Stomach deficiency Cold; add late — heat destroys the active constituent,derived
370,青皮(个青皮),Qīng Pí,Immature Tangerine Peel,青皮,,个青皮,1.43,3.5:1,3.5,5,qi_move|liver|breast|digestion|pain,"Soothe the Liver, break Qi stagnation, dissipate clumps and aid digestion",Qi deficiency; profuse sweating; stronger and more dispersing than 陈皮,derived
371,青皮(四花青皮),Qīng Pí,Immature Tangerine Peel,青皮,,四花青皮,1.43,3.5:1,3.5,5,qi_move|liver|breast|digestion|pain,"Soothe the Liver, break Qi stagnation, dissipate clumps and aid digestion",Qi deficiency; profuse sweating; stronger and more dispersing than 陈皮,derived
372,醋青皮(四花青皮),Cù Qīng Pí,Vinegar-processed Immature Tangerine Peel,青皮,醋,四花青皮,1.43,3.5:1,3.5,5,qi_move|liver|breast|digestion|pain|blood_move,"Soothe the Liver, break Qi stagnation, dissipate clumps and aid digestion. Vinegar directs the action to the Liver and to the Blood level, strengthening Qi-moving, Blood-stasis-dispelling and pain-relieving effects.",Qi deficiency; profuse sweating; stronger and more dispersing than 陈皮,derived
373,醋青皮(个青皮),Cù Qīng Pí,Vinegar-processed Immature Tangerine Peel,青皮,醋,个青皮,1.43,3.5:1,3.5,5,qi_move|liver|breast|digestion|pain|blood_move,"Soothe the Liver, break Qi stagnation, dissipate clumps and aid digestion. Vinegar directs the action to the Liver and to the Blood level, strengthening Qi-moving, Blood-stasis-dispelling and pain-relieving effects.",Qi deficiency; profuse sweating; stronger and more dispersing than 陈皮,derived
374,青葙子,Qīng Xiāng Zǐ,Celosia Seed,青葙子,,,0.83,6:1,6,5,eye|liver|heat|hypertension,"Clear the Liver, drain Fire, brighten the eyes and remove screens",Glaucoma — dilates the pupil; Liver and Kidney deficiency,derived
375,瞿麦(石竹),Qú Mài,Dianthus,瞿麦,,石竹,2,5:1,5,10,urinary|damp|heat|menstrual|stone,"Promote urination, free painful urination, invigorate Blood and free menstruation",Pregnancy; Spleen and Kidney deficiency,derived
376,全蝎,Quán Xiē,Scorpion,全蝎,,,0.88,3.4:1,3.4,3,wind|spasm|pain|collateral|nodule,"Extinguish Wind, stop spasm, free the collaterals, relieve pain and resolve toxin",Pregnancy; Blood deficiency Wind; toxic — strict dose control,derived
377,青果,Qīng Guǒ,Chinese Olive,青果,,,1.43,3.5:1,3.5,5,throat|heat|toxin|thirst|voice,"Clear Heat, resolve toxin, benefit the throat and generate fluids",Spleen Cold deficiency,derived
378,拳参,Quán Shēn,Bistort Rhizome,拳参,,,1.25,4:1,4,5,heat|toxin|bleeding|diarrhoea|spasm,"Clear Heat, resolve toxin, cool Blood, stop bleeding and settle spasm",Cold deficiency patterns; no Heat or toxin present,derived
379,茜草炭,Qiàn Cǎo Tàn,Charred Rubia,茜草炭,,,0.65,7.7:1,7.7,5,bleeding|astringent,Charring strengthens the astringent bleeding-stopping action,Bleeding due to stasis,derived
380,羌活(羌活),Qiāng Huó,Notopterygium Root,羌活,,羌活,1.43,3.5:1,3.5,5,wind_damp|pain|headache|shoulder|joint,"Dispel Wind-Damp, disperse Cold and relieve pain — especially of the upper body",Blood deficiency pain; Yin deficiency; large doses cause nausea,derived
381,忍冬藤,Rěn Dōng Téng,Lonicera Stem,忍冬藤,,,1.54,6.5:1,6.5,10,heat|toxin|wind_damp|joint|collateral,"Clear Heat, resolve toxin, dispel Wind and free the collaterals",Spleen and Stomach Cold deficiency,derived
382,人参叶,Rén Shēn Yè,Ginseng Leaf,人参叶,,,2.38,2.1:1,2.1,5,qi_tonic|heat|thirst|summerheat,"Clear Heat, generate fluids, supplement Qi and relieve summerheat",Cold patterns of Spleen and Stomach,derived
383,肉桂,Ròu Guì,Cinnamon Bark,肉桂,,,0.55,5.5:1,5.5,3,yang_tonic|cold|kidney|pain|circulation,"Supplement Fire, assist Yang, disperse Cold, relieve pain and guide Fire back to its source",Pregnancy; Yin deficiency with Heat; bleeding; incompatible with 赤石脂; add late,derived
384,乳香(埃塞俄比亚乳香),Rǔ Xiāng,Frankincense,乳香,,埃塞俄比亚乳香,2.31,1.3:1,1.3,3,pain|blood_move|trauma|wound,"Move Blood, relieve pain, reduce swelling and generate flesh",Pregnancy; weak Spleen and Stomach — irritating to the gut; no stasis present,derived
385,醋乳香(埃塞俄比亚乳香),Cù Rǔ Xiāng,Vinegar-processed Frankincense,乳香,醋,埃塞俄比亚乳香,2.31,1.3:1,1.3,3,pain|blood_move|trauma|wound|liver,"Move Blood, relieve pain, reduce swelling and generate flesh. Vinegar directs the action to the Liver and to the Blood level, strengthening Qi-moving, Blood-stasis-dispelling and pain-relieving effects.",Pregnancy; weak Spleen and Stomach — irritating to the gut; no stasis present,derived
386,人参,Rén Shēn,Ginseng Root,人参,,,2,2.5:1,2.5,5,qi_tonic|spleen|lung|shen|fatigue|aging,"Powerfully tonify Original Qi, strengthen Spleen and Lung, generate fluids and quiet the Shen",Excess Heat patterns; hypertension uncontrolled; traditionally incompatible with 藜芦 and 五灵脂,derived
387,三棱,Sān Léng,Sparganium Rhizome,三棱,,,0.56,9:1,9,5,blood_move|nodule|pain|abdominal_mass,"Break Blood stasis, move Qi, dissipate accumulation and relieve pain",Pregnancy; heavy menstruation; Qi and Blood deficiency; peptic ulcer,derived
388,三七粉,Sān Qī Fěn,Notoginseng Powder,三七粉,,,0.67,1.5:1,1.5,1,bleeding|blood_move|pain|trauma|heart,"Stop bleeding without causing stasis, dispel Blood stasis, reduce swelling and relieve pain",Pregnancy; Blood deficiency without stasis,derived
389,醋三棱,Cù Sān Léng,Vinegar-processed Sparganium Rhizome,三棱,醋,,0.56,9:1,9,5,blood_move|nodule|pain|abdominal_mass|liver,"Break Blood stasis, move Qi, dissipate accumulation and relieve pain. Vinegar directs the action to the Liver and to the Blood level, strengthening Qi-moving, Blood-stasis-dispelling and pain-relieving effects.",Pregnancy; heavy menstruation; Qi and Blood deficiency; peptic ulcer,derived
390,桑白皮,Sāng Bái Pí,Mulberry Root Bark,桑白皮,,,1.33,4.5:1,4.5,6,lung|cough|asthma|oedema|heat,"Drain Lung Heat, calm wheezing, promote urination and reduce swelling",Lung Cold cough; frequent clear urination,derived
391,蜜桑白皮,Mì Sāng Bái Pí,Honey-fried Mulberry Root Bark,桑白皮,蜜,,2.4,2.5:1,2.5,6,lung|cough|asthma|oedema|heat,"Drain Lung Heat, calm wheezing, promote urination and reduce swelling. Honey-frying moistens the Lung and moderates harshness, strengthening the cough-stopping and Lung-moistening action.",Lung Cold cough; frequent clear urination,derived
392,桑寄生,Sāng Jì Shēng,Loranthus (Mulberry Mistletoe),桑寄生,,,1.5,6:1,6,9,kidney|liver|bone|joint|women|blood_pressure,"Tonify Liver and Kidney, strengthen sinews and bones, calm fetus, lower BP",None significant,curated
393,桑椹,Sāng Shèn,Mulberry Fruit,桑椹,,,2.78,1.8:1,1.8,5,blood_tonic|kidney|liver|yin_tonic|hair|aging,"Nourish Blood and Yin, tonify Kidney and Liver, promote fluid generation",Spleen deficiency diarrhea,curated
394,桑螵蛸(大刀螂),Sāng Piāo Xiāo,Mantis Egg Case,桑螵蛸,,大刀螂,0.55,11:1,11,6,kidney|urinary|essence|yang_tonic|enuresis,"Supplement the Kidney, assist Yang, secure Essence and reduce urination",Yin deficiency with Heat; Damp-Heat in the bladder,derived
395,胖大海,Pàng Dà Hǎi,Sterculia Seed,胖大海,,,0.75,4:1,4,3,throat|lung|cough|constipation|voice,"Clear the Lung, benefit the throat, free the stool and moisten dryness",Spleen Cold with loose stool; not for prolonged daily use,derived
396,桑叶,Sāng Yè,Mulberry Leaf,桑叶,,,1.25,4:1,4,5,wind_heat|lung|eye|liver|cough,"Disperse Wind-Heat, clear the Lung, moisten dryness, calm the Liver and brighten the eyes",Wind-Cold patterns; Lung Cold cough,derived
397,桑枝,Sāng Zhī,Mulberry Twig,桑枝,,,0.9,10:1,10,9,wind_damp|joint|collateral|pain|shoulder,"Dispel Wind-Damp, free the collaterals and benefit the joints — especially of the upper limb",Generally well tolerated; caution in Cold deficiency,derived
398,砂仁(阳春砂),Shā Rén,Cardamom Fruit,砂仁,,阳春砂,0.67,4.5:1,4.5,3,gut|spleen|damp|nausea|qi_stagnation,"Transform Damp, move Qi, warm Spleen, stop vomiting","Yin deficiency heat, Fire patterns",curated
399,沙苑子,Shā Yuàn Zǐ,Astragalus Complanatus Seed,沙苑子,,,0.83,6:1,6,5,kidney|essence|eye|liver|yang_tonic,"Supplement the Kidney, secure Essence, nourish the Liver and brighten the eyes",Yin deficiency with Fire; painful urinary dribbling,derived
400,盐沙苑子,Yán Shā Yuàn Zǐ,Salt-processed Astragalus Complanatus Seed,沙苑子,盐,,1,5:1,5,5,kidney|essence|eye|liver|yang_tonic,"Supplement the Kidney, secure Essence, nourish the Liver and brighten the eyes. Salt directs the action downward to the Kidney, strengthening the Kidney-tonifying and Yin-enriching effect.",Yin deficiency with Fire; painful urinary dribbling,derived
401,山豆根,Shān Dòu Gēn,Sophora Tonkinensis Root,山豆根,,,0.75,4:1,4,3,throat|heat|toxin|swelling,"Clear Heat, resolve toxin, reduce swelling and benefit the throat","TOXIC — strict dose limit; Spleen Cold deficiency; overdose causes vomiting, diarrhoea, neurotoxicity",derived
402,山药,Shān Yào,Chinese Yam,山药,,,2.5,4:1,4,10,spleen|lung|kidney|gut|aging|qi_tonic,"Tonify Spleen, Lung and Kidney; stabilize Jing","Damp-Cold, food stagnation",curated
403,麸炒山药,Fū Chǎo Shān Yào,Bran-fried Chinese Yam,山药,麸炒,,2.5,4:1,4,10,spleen|lung|kidney|gut|aging|qi_tonic|stomach,"Tonify Spleen, Lung and Kidney; stabilize Jing. Bran-frying moderates harshness and directs the action to the Spleen and Stomach, strengthening the tonifying effect while reducing irritation to the gut.","Damp-Cold, food stagnation",curated+processed
404,炒山楂(山里红),Chǎo Shān Zhā,Dry-fried Hawthorn Fruit,山楂,炒,山里红,3,2:1,2,6,digestion|cholesterol|blood_move|heart|weight|spleen,"Aid digestion of meat and fat, move Qi, dispel stasis and lower blood lipids. Dry-frying warms the herb, moderates cold or harsh properties and improves tolerance by the Spleen and Stomach.",Spleen deficiency without food stagnation; peptic ulcer; excess gastric acid,derived
405,山楂(山里红),Shān Zhā,Hawthorn Fruit,山楂,,山里红,3,2:1,2,6,digestion|cholesterol|blood_move|heart|weight,"Aid digestion of meat and fat, move Qi, dispel stasis and lower blood lipids",Spleen deficiency without food stagnation; peptic ulcer; excess gastric acid,derived
406,焦山楂(山里红),Jiāo Shān Zhā,Scorch-fried Hawthorn Fruit,山楂,焦,山里红,3,2:1,2,6,digestion|cholesterol|blood_move|heart|weight|diarrhoea,"Aid digestion of meat and fat, move Qi, dispel stasis and lower blood lipids. Scorch-frying markedly strengthens the food-dispersing and diarrhoea-checking action, and adds a mild astringent, bleeding-stopping quality.",Spleen deficiency without food stagnation; peptic ulcer; excess gastric acid,derived
407,山萸肉,Shān Yú Ròu,Cornus Fruit Flesh,山萸肉,,,4.17,1.2:1,1.2,5,kidney|liver|astringent|essence|aging,"Supplement Liver and Kidney, secure Essence and stem collapse",Damp-Heat; painful urinary dribbling; excess patterns,derived
408,酒萸肉,Jiǔ Yú Ròu,Wine-processed Cornus Fruit Flesh,萸肉,酒,,4.17,1.2:1,1.2,5,kidney|liver|astringent|essence|aging|blood_move,"Supplement Liver and Kidney, secure Essence and stem collapse. Wine-processing warms and mobilises, carrying the action upward and enhancing Blood-moving and channel-freeing effects.",Damp-Heat; painful urinary dribbling,derived
409,蛇床子,Shé Chuáng Zǐ,Cnidium Fruit,蛇床子,,,0.83,6:1,6,5,kidney|yang_tonic|itch|skin|damp,"Warm the Kidney, assist Yang, dispel Wind, dry Damp and kill parasites",Yin deficiency with Fire; Damp-Heat; mainly topical for skin,derived
410,川射干,Chuān Shè Gān,Iris Tectorum Rhizome,川射干,,,1.67,3:1,3,5,throat|heat|phlegm|toxin,"Clear Heat, resolve toxin, benefit the throat and dissolve phlegm",Pregnancy; Spleen deficiency with loose stool,derived
411,射干,Shè Gān,Belamcanda Rhizome,射干,,,1.67,3:1,3,5,throat|heat|phlegm|toxin|cough,"Clear Heat, resolve toxin, benefit the throat and dissolve phlegm",Pregnancy; Spleen deficiency with loose stool; no Heat present,derived
412,伸筋草,Shēn Jīn Cǎo,Club Moss,伸筋草,,,1.09,5.5:1,5.5,6,wind_damp|collateral|pain|sinew,"Dispel Wind-Damp, relax the sinews and free the collaterals",Pregnancy; heavy menstruation,derived
413,生姜,Shēng Jiāng,Fresh Ginger,生姜,,,0.48,12.5:1,12.5,6,exterior|cold|nausea|stomach|harmonise,"Release the exterior, disperse Cold, warm the Middle, stop vomiting and curb the toxicity of other herbs",Yin deficiency with Heat; Lung Heat cough; Blood Heat bleeding,derived
414,升麻(大三叶升麻),Shēng Má,Cimicifuga Rhizome,升麻,,大三叶升麻,1,5:1,5,5,qi_tonic|prolapse|heat|toxin|rash,"Release the exterior, vent rashes, clear Heat, resolve toxin and raise sunken Yang Qi",Fully erupted rash; Yin deficiency with Yang rising; upper excess with lower deficiency,derived
415,石菖蒲,Shí Chāng Pú,Acorus Rhizome,石菖蒲,,,1.06,4.7:1,4.7,5,phlegm|brain|heart|memory|sleep,"Open orifices, resolve Phlegm, calm Shen, sharpen consciousness",Yin deficiency; slippery semen,curated
416,石上柏,Shí Shàng Bǎi,Selaginella Doederleinii,石上柏,,,1.25,8:1,8,10,heat|toxin|oncology_support|lung|throat,"Clear Heat, resolve toxin, invigorate Blood and reduce swelling",Spleen Cold deficiency,derived
417,石斛(金钗石斛),Shí Hú,Dendrobium Stem,石斛,,金钗石斛,0.8,7.5:1,7.5,6,yin_tonic|stomach|thirst|eye|aging,"Nourish Stomach Yin, generate fluids, clear Heat and brighten the eyes",Damp accumulation; early-stage exterior pattern; Cold deficiency,derived
418,石见穿,Shí Jiàn Chuān,Salvia Chinensis,石见穿,,,1.49,6.7:1,6.7,10,blood_move|toxin|nodule|pain|oncology_support,"Invigorate Blood, resolve toxin, dissipate nodules and relieve pain",Pregnancy; Blood deficiency,derived
419,煅石决明(皱纹盘鲍),Duàn Shí Jué Míng,Calcined Abalone Shell,石决明,煅,皱纹盘鲍,0.67,15:1,15,10,liver|wind|eyes|blood_pressure|aging|astringent,"Calm Liver Yang, clear Liver Fire, improve vision. Calcining makes a mineral or shell friable and readily decocted, strengthening the astringent, acid-restraining and anchoring action.",Spleen deficiency Cold,curated+processed
420,柿蒂,Shì Dì,Persimmon Calyx,柿蒂,,,0.63,8:1,8,5,nausea|stomach|qi_move,Descend rebellious Qi and stop hiccup,Generally well tolerated,derived
421,生石膏,Shēng Shí Gāo,Raw Gypsum,生石膏,,,1.2,12.5:1,12.5,15,heat|fever|thirst|lung|stomach,"Clear Heat, drain Fire, relieve irritability and thirst — a principal Yangming Heat herb",Spleen and Stomach Cold deficiency; Yin deficiency Heat; decoct first,derived
422,使君子,Shǐ Jūn Zǐ,Quisqualis Fruit,使君子,,,1.33,4.5:1,4.5,6,parasite|digestion|spleen|paediatric,"Kill parasites, aid digestion and strengthen the Spleen",Do not take with hot tea — causes hiccup and diarrhoea; do not exceed dose,derived
423,石榴皮,Shí Liú Pí,Pomegranate Rind,石榴皮,,,2.17,2.3:1,2.3,5,diarrhoea|astringent|bleeding|parasite,"Astringe the intestines, stop diarrhoea, stop bleeding and kill parasites",Early-stage dysentery with excess; constipation,derived
424,石韦(有柄石韦),Shí Wéi,Pyrrosia Leaf,石韦,,有柄石韦,1.33,4.5:1,4.5,6,urinary|stone|lung|cough|bleeding,"Promote urination, free painful urination, clear the Lung and stop cough and bleeding",Yin deficiency without Damp-Heat,derived
425,首乌藤,Shǒu Wū Téng,Polygonum Multiflorum Stem,首乌藤,,,1.5,6:1,6,9,sleep|heart|shen|blood_tonic,"Nourish Heart Blood, calm Shen, dispel Wind-Damp",None significant,curated
426,水蛭(蚂蟥),Shuǐ Zhì,Leech,水蛭,,蚂蟥,0.5,4:1,4,2,blood_move|abdominal_mass|stroke|circulation,"Break Blood stasis powerfully, dissipate masses and free the channels",Pregnancy; bleeding disorders; anticoagulant therapy; Blood deficiency,derived
427,丝瓜络,Sī Guā Luò,Luffa Fibre,丝瓜络,,,0.76,6.6:1,6.6,5,wind_damp|collateral|breast|phlegm|pain,"Free the collaterals, dispel Wind-Damp, transform phlegm and unblock the breast",Generally well tolerated; caution in loose stool,derived
428,苏木,Sū Mù,Sappan Wood,苏木,,,0.5,10:1,10,5,blood_move|trauma|menstrual|pain|women,"Invigorate Blood, dispel stasis, free menstruation and reduce swelling and pain",Pregnancy; heavy menstruation; Blood deficiency without stasis,derived
429,酸枣仁,Suān Zǎo Rén,Ziziphus Seed (Raw),酸枣仁,,,2.5,4:1,4,10,sleep|heart|liver|anxiety|shen,"Nourish Heart Yin, calm Shen (raw — sedating effect differs from roasted)",None significant,curated
430,炒酸枣仁,Chǎo Chǎo Suān Zǎo Rén,Dry-fried Roasted Ziziphus Seed,酸枣仁,炒,,2.5,4:1,4,10,sleep|heart|shen|stress|anxiety|spleen,"Nourish Heart Yin, calm Shen, stop sweating. Dry-frying warms the herb, moderates cold or harsh properties and improves tolerance by the Spleen and Stomach.",Excess fire patterns,curated+processed
431,锁阳,Suǒ Yáng,Cynomorium,锁阳,,,2.5,2:1,2,5,kidney|yang_tonic|essence|constipation|aging,"Supplement Kidney Yang, benefit Essence and Blood, strengthen sinew and moisten the intestines",Yin deficiency with Fire; loose stool; Damp-Heat,derived
432,娑罗子(天师栗),Suō Luó Zǐ,Buckeye Seed,娑罗子,,天师栗,1.32,3.8:1,3.8,5,qi_move|liver|stomach|pain|breast,"Soothe the Liver, move Qi, harmonise the Stomach and relieve pain",Qi deficiency; Yin deficiency with Heat,derived
433,水红花子,Shuǐ Hóng Huā Zǐ,Polygonum Orientale Fruit,水红花子,,,1.11,13.5:1,13.5,15,blood_move|nodule|abdominal_mass|pain,"Dissipate Blood stasis, soften hardness, reduce swelling and relieve pain",Pregnancy; Blood deficiency without stasis,derived
434,山银花(灰毡毛忍冬),Shān Yín Huā,Lonicera Confusa Flower,山银花,,灰毡毛忍冬,2.4,2.5:1,2.5,6,heat|toxin|wind_heat|throat|skin,"Clear Heat, resolve toxin and disperse Wind-Heat",Spleen and Stomach Cold deficiency; sores of deficiency type,derived
435,太子参,Tài Zǐ Shēn,Pseudostellaria Root,太子参,,,2,2.5:1,2.5,5,qi_tonic|yin_tonic|spleen|lung|fatigue|children,"Gently tonify Spleen Qi and Lung Yin, generate fluids",None significant — very safe,curated
436,檀香,Tán Xiāng,Sandalwood,檀香,,,0.48,12.5:1,12.5,6,qi_move|chest|stomach|pain|cold,"Move Qi, harmonise the Middle, disperse Cold and relieve pain",Yin deficiency with Heat; add late in decoction,derived
437,桃仁(桃),Táo Rén,Peach Kernel,桃仁,,桃,1,5:1,5,5,blood_stasis|women|menstrual|constipation|lung,"Break Blood stasis, moisten intestines","Pregnancy, bleeding disorders",curated
438,燀桃仁(桃),Chǎn Táo Rén,Blanched Peach Kernel,桃仁,燀,桃,0.83,6:1,6,5,blood_stasis|women|menstrual|constipation|lung,"Break Blood stasis, moisten intestines. Blanching removes the seed coat and destroys enzymes that would otherwise degrade the active constituents on storage.","Pregnancy, bleeding disorders",curated+processed
439,炒桃仁(桃),Chǎo Táo Rén,Dry-fried Peach Kernel,桃仁,炒,桃,0.83,6:1,6,5,blood_stasis|women|menstrual|constipation|lung|spleen,"Break Blood stasis, moisten intestines. Dry-frying warms the herb, moderates cold or harsh properties and improves tolerance by the Spleen and Stomach.","Pregnancy, bleeding disorders",curated+processed
440,桃仁(山桃),Táo Rén,Peach Kernel,桃仁,,山桃,1.11,4.5:1,4.5,5,blood_stasis|women|menstrual|constipation|lung,"Break Blood stasis, moisten intestines","Pregnancy, bleeding disorders",curated
441,炒桃仁(山桃),Chǎo Táo Rén,Dry-fried Peach Kernel,桃仁,炒,山桃,1.11,4.5:1,4.5,5,blood_stasis|women|menstrual|constipation|lung|spleen,"Break Blood stasis, moisten intestines. Dry-frying warms the herb, moderates cold or harsh properties and improves tolerance by the Spleen and Stomach.","Pregnancy, bleeding disorders",curated+processed
442,天冬,Tiān Dōng,Asparagus Root,天冬,,,4.17,1.2:1,1.2,5,yin_tonic|lung|kidney|heat|aging,"Nourish Kidney and Lung Yin, clear Heat, moisten Dryness","Spleen deficiency-cold, diarrhea",curated
443,天麻,Tiān Má,Gastrodia Rhizome,天麻,,,1.25,4:1,4,5,liver|wind|head|dizziness|aging|brain,"Calm Liver Wind, stop tremors, relieve headache and dizziness",Blood deficiency without Wind,curated
444,甜叶菊,Tián Yè Jú,Stevia Leaf,甜叶菊,,,1,2:1,2,2,thirst|blood_sugar|flavour,"Generate fluids, quench thirst and sweeten a formula without sugar",Generally well tolerated; low blood pressure with high intake,derived
445,制天南星(天南星),Zhì Tiān Nán Xīng,Processed Arisaema Rhizome,天南星,制,天南星,0.75,4:1,4,3,phlegm|wind|spasm|damp,"Dry Damp, transform phlegm, dispel Wind and stop spasm. Processing reduces toxicity and harshness so the herb can be used safely at therapeutic dose.",TOXIC raw — processed form only; pregnancy; Yin deficiency with dry cough,derived
446,葶苈子(播娘蒿),Tíng Lì Zǐ,Lepidium Seed,葶苈子,,播娘蒿,0.83,6:1,6,5,lung|asthma|oedema|phlegm|heart,"Drain the Lung, calm wheezing, promote urination and reduce swelling",Lung deficiency wheezing; Spleen deficiency oedema; weak constitution,derived
447,炒葶苈子(播娘蒿),Chǎo Tíng Lì Zǐ,Dry-fried Lepidium Seed,葶苈子,炒,播娘蒿,0.67,7.5:1,7.5,5,lung|asthma|oedema|phlegm|heart|spleen,"Drain the Lung, calm wheezing, promote urination and reduce swelling. Dry-frying warms the herb, moderates cold or harsh properties and improves tolerance by the Spleen and Stomach.",Lung deficiency wheezing; Spleen deficiency oedema; weak constitution,derived
448,通草,Tōng Cǎo,Tetrapanax Pith,通草,,,0.5,10:1,10,5,urinary|lactation|damp|oedema,"Promote urination, drain Damp and free lactation",Pregnancy; Qi and Yin deficiency; frequent clear urination,derived
449,凤仙透骨草,Fèng Xiān Tòu Gǔ Cǎo,Garden Balsam Stem,凤仙透骨草,,,1.8,5:1,5,9,wind_damp|pain|blood_move|trauma,"Dispel Wind-Damp, invigorate Blood and relieve pain",Pregnancy; external use preferred,derived
450,土鳖虫(地鳖),Tǔ Biē Chóng,Ground Beetle,土鳖虫,,地鳖,0.86,3.5:1,3.5,3,blood_move|trauma|fracture|pain|abdominal_mass,"Break Blood stasis, free the channels, mend sinew and join bone",Pregnancy; Blood deficiency without stasis,derived
451,土茯苓,Tǔ Fú Líng,Smilax Rhizome,土茯苓,,,3.75,4:1,4,15,damp|toxin|skin|joint|heat,"Resolve toxin, drain Damp, free the joints — unrelated to 茯苓",Liver and Kidney Yin deficiency; avoid strong tea concurrently,derived
452,菟丝子(南方菟丝子),Tú Sī Zǐ,Cuscuta Seed,菟丝子,,南方菟丝子,1.2,5:1,5,6,yang_tonic|kidney|yin_tonic|jing|fertility|eyes,"Tonify Kidney Yang and Yin, stabilize Jing, brighten eyes","Fire from Yin deficiency, difficult urination",curated
453,盐菟丝子(南方菟丝子),Yán Tú Sī Zǐ,Salt-processed Cuscuta Seed,菟丝子,盐,南方菟丝子,1.33,4.5:1,4.5,6,yang_tonic|kidney|yin_tonic|jing|fertility|eyes,"Tonify Kidney Yang and Yin, stabilize Jing, brighten eyes. Salt directs the action downward to the Kidney, strengthening the Kidney-tonifying and Yin-enriching effect.","Fire from Yin deficiency, difficult urination",curated+processed
454,天葵子,Tiān Kuí Zǐ,Semiaquilegia Root,天葵子,,,4.29,1.4:1,1.4,6,heat|toxin|nodule|abscess,"Clear Heat, resolve toxin, dissipate nodules and reduce swelling",Spleen Cold deficiency; pregnancy,derived
455,土贝母,Tǔ Bèi Mǔ,Bolbostemma Rhizome,土贝母,,,1.67,3:1,3,5,nodule|toxin|breast|swelling,"Resolve toxin, dissipate nodules and reduce swelling — distinct from 贝母",Not for cough; deficiency patterns without nodule,derived
456,威灵仙(东北铁线莲),Wēi Líng Xiān,Clematis Root,威灵仙,,东北铁线莲,1.11,4.5:1,4.5,5,wind_damp|pain|collateral|joint,"Dispel Wind-Damp, free the collaterals, relieve pain and dissolve fish bone",Qi and Blood deficiency; not for prolonged use — depletes Qi,derived
457,五倍子,Wǔ Bèi Zǐ,Gallnut,五倍子,,,1.88,1.6:1,1.6,3,astringent|cough|diarrhoea|sweating|bleeding,"Astringe the Lung, restrain the intestines, stop sweating and stop bleeding",Exterior patterns; Damp-Heat with accumulation; cough from external Cold,derived
458,五灵脂,Wǔ Líng Zhī,Flying Squirrel Faeces,五灵脂,,,0.91,5.5:1,5.5,5,pain|blood_move|menstrual|bleeding,"Dispel Blood stasis, relieve pain and stop bleeding",Pregnancy; Blood deficiency without stasis; traditionally incompatible with 人参,derived
459,醋五灵脂,Cù Wǔ Líng Zhī,Vinegar-processed Flying Squirrel Faeces,五灵脂,醋,,0.91,5.5:1,5.5,5,pain|blood_move|menstrual|bleeding|liver,"Dispel Blood stasis, relieve pain and stop bleeding. Vinegar directs the action to the Liver and to the Blood level, strengthening Qi-moving, Blood-stasis-dispelling and pain-relieving effects.",Pregnancy; Blood deficiency without stasis; traditionally incompatible with 人参,derived
460,五加皮,Wǔ Jiā Pí,Acanthopanax Root Bark,五加皮,,,0.89,5.6:1,5.6,5,wind_damp|bone|kidney|oedema|aging,"Dispel Wind-Damp, strengthen sinew and bone, promote urination and reduce swelling",Yin deficiency with Heat,derived
461,乌梅,Wū Méi,Mume Fruit,乌梅,,,2.31,2.6:1,2.6,6,astringent|cough|diarrhoea|thirst|gut,"Astringe the Lung, restrain the intestines, generate fluids and calm roundworm",Exterior patterns not yet released; excess Heat with accumulation,derived
462,五味子,Wǔ Wèi Zǐ,Schisandra Berry,五味子,,,1.88,1.6:1,1.6,3,qi_tonic|kidney|lung|liver|sleep|stress|aging,"Astringe Lung and Kidney, calm Shen, generate fluids, stop sweating","Exterior patterns, interior excess Heat",curated
463,醋五味子,Cù Wǔ Wèi Zǐ,Vinegar-processed Schisandra Berry,五味子,醋,,2,1.5:1,1.5,3,qi_tonic|kidney|lung|liver|sleep|stress|aging|pain|blood_move,"Astringe Lung and Kidney, calm Shen, generate fluids, stop sweating. Vinegar directs the action to the Liver and to the Blood level, strengthening Qi-moving, Blood-stasis-dispelling and pain-relieving effects.","Exterior patterns, interior excess Heat",curated+processed
464,乌梢蛇,Wū Shāo Shé,Black-striped Snake,乌梢蛇,,,0.86,3.5:1,3.5,3,wind_damp|collateral|spasm|skin,"Dispel Wind, free the collaterals and settle spasm",Blood deficiency generating Wind; Yin deficiency,derived
465,乌药,Wū Yào,Lindera Root,乌药,,,0.6,10:1,10,6,qi_move|pain|kidney|cold|urinary,"Move Qi, relieve pain, warm the Kidney and disperse Cold",Qi and Blood deficiency; internal Heat,derived
466,吴茱萸(吴茱萸),Wú Zhū Yú,Evodia Fruit,吴茱萸,,吴茱萸,0.91,3.3:1,3.3,3,cold|pain|stomach|headache|menstrual,"Disperse Cold, relieve pain, descend rebellious Qi, stop vomiting and warm the Middle",Heat patterns; Yin deficiency; mildly toxic — short courses and low dose,derived
467,制吴茱萸(吴茱萸),Zhì Wú Zhū Yú,Processed Evodia Fruit,吴茱萸,制,吴茱萸,1,3:1,3,3,cold|pain|stomach|headache|menstrual,"Disperse Cold, relieve pain, descend rebellious Qi, stop vomiting and warm the Middle. Processing reduces toxicity and harshness so the herb can be used safely at therapeutic dose.",Heat patterns; Yin deficiency; mildly toxic — short courses and low dose,derived
468,蜈蚣,Wú Gōng,Centipede,蜈蚣,,,0.71,2.8:1,2.8,2,wind|spasm|toxin|pain|nodule,"Extinguish Wind, stop spasm, resolve toxin, dissipate nodules and free the collaterals",Pregnancy; toxic — strict dose limit; Blood deficiency Wind,derived
469,五指毛桃,Wǔ Zhǐ Máo Táo,Hairy Fig Root,五指毛桃,,,2,7.5:1,7.5,15,qi_tonic|spleen|lung|damp|fatigue,"Strengthen Spleen and supplement Lung, move Qi without drying, dispel Damp and free the collaterals",Generally well tolerated; caution in acute Heat patterns,derived
470,瓦楞子(毛蚶),Wǎ Léng Zǐ,Ark Shell,瓦楞子,,毛蚶,0.75,20:1,20,15,nodule|gastric_acid|blood_move|phlegm|abdominal_mass,"Dissipate phlegm nodules, invigorate Blood, soften hardness and restrain acid",Calcined form for acid; no nodule or stasis present,derived
471,豨莶草(腺梗豨莶),Xī Xiān Cǎo,Siegesbeckia,豨莶草,,腺梗豨莶,1.82,5.5:1,5.5,10,wind_damp|joint|collateral|hypertension|skin,"Dispel Wind-Damp, free the collaterals, clear Heat and resolve toxin",Yin deficiency; large raw doses may cause nausea,derived
472,西青果,Xī Qīng Guǒ,Immature Terminalia Fruit,西青果,,,2,1.5:1,1.5,3,throat|heat|toxin|voice|thirst,"Clear Heat, generate fluids, resolve toxin and benefit the throat",Spleen Cold deficiency,derived
473,细辛(北细辛),Xì Xīn,Asarum,细辛,,北细辛,0.91,3.3:1,3.3,3,pain|headache|wind_cold|sinus|cough,"Disperse Cold, dispel Wind, relieve pain, warm the Lung and open the orifices",TOXIC — strict dose limit (aristolochic acid concern); pregnancy; Yin deficiency with Heat; incompatible with 藜芦,derived
474,西洋参,Xī Yáng Shēn,American Ginseng,西洋参,,,1.5,2:1,2,3,qi_tonic|yin_tonic|lung|heart|aging|fatigue|stress,"Tonify Qi, nourish Yin, clear Heat, generate fluids",Cold-Damp Spleen; avoid with tea and coffee,curated
475,溪黄草(溪黄草),Xī Huáng Cǎo,Rabdosia Serra,溪黄草,,溪黄草,1.32,7.6:1,7.6,10,heat|damp|liver|jaundice|toxin,"Clear Heat, drain Damp, resolve toxin and relieve jaundice",Spleen and Stomach Cold deficiency,derived
476,夏枯草,Xià Kū Cǎo,Prunella Spike,夏枯草,,,1.38,6.5:1,6.5,9,thyroid|nodule|liver|heat|blood_pressure,"Clear Liver Fire, dissipate nodules, brighten eyes",Spleen-Stomach weakness,curated
477,仙鹤草,Xiān Hè Cǎo,Agrimony,仙鹤草,,,1,6:1,6,6,bleeding|diarrhoea|fatigue|gut,"Stop bleeding, restrain diarrhoea, kill parasites and relieve fatigue",Generally well tolerated; caution where stasis is the cause of bleeding,derived
478,仙茅,Xiān Máo,Curculigo Rhizome,仙茅,,,1,5:1,5,5,women|menopause|yang_tonic|kidney|cold,"Warm Kidney Yang, strengthen sinews, dispel Cold-Damp","Yin deficiency heat, pregnancy; toxic in large doses",curated
479,香附,Xiāng Fù,Cyperus Rhizome,香附,,,1,5:1,5,5,stress|liver_qi|women|menstrual|pain,"Move Liver Qi, regulate menstruation, stop pain",Qi or Blood deficiency without stagnation,curated
480,醋香附,Cù Xiāng Fù,Vinegar-processed Cyperus Rhizome,香附,醋,,1.25,4:1,4,5,stress|liver_qi|women|menstrual|pain|liver|blood_move,"Move Liver Qi, regulate menstruation, stop pain. Vinegar directs the action to the Liver and to the Blood level, strengthening Qi-moving, Blood-stasis-dispelling and pain-relieving effects.",Qi or Blood deficiency without stagnation,curated+processed
481,香加皮,Xiāng Jiā Pí,Periploca Root Bark,香加皮,,,0.83,3.6:1,3.6,3,wind_damp|oedema|bone|heart,"Dispel Wind-Damp, strengthen sinew and bone, promote urination and reduce swelling",TOXIC — cardiac glycosides; strict dose limit; do not confuse with 五加皮,derived
482,香橼(香圆),Xiāng Yuán,Citron Fruit,香橼,,香圆,2.5,2:1,2,5,qi_move|liver|stomach|phlegm|chest,"Soothe the Liver, move Qi, harmonise the Middle and transform phlegm",Yin deficiency with Heat; pregnancy — use with care,derived
483,小茴香,Xiǎo Huí Xiāng,Fennel Fruit,小茴香,,,0.67,4.5:1,4.5,3,cold|pain|qi_move|stomach|hernia,"Disperse Cold, relieve pain, move Qi and harmonise the Stomach",Yin deficiency with Heat; excess Heat patterns,derived
484,盐小茴香,Yán Xiǎo Huí Xiāng,Salt-processed Fennel Fruit,小茴香,盐,,0.75,4:1,4,3,cold|pain|qi_move|stomach|hernia|kidney,"Disperse Cold, relieve pain, move Qi and harmonise the Stomach. Salt directs the action downward to the Kidney, strengthening the Kidney-tonifying and Yin-enriching effect.",Yin deficiency with Heat; excess Heat patterns,derived
485,小蓟,Xiǎo Jì,Cephalanoplos,小蓟,,,1.5,4:1,4,6,bleeding|heat|urinary|toxin,"Cool Blood, stop bleeding, dispel stasis and resolve toxin — especially for urinary bleeding",Spleen and Stomach Cold deficiency,derived
486,薤白(小根蒜),Xiè Bái,Chinese Chive Bulb,薤白,,小根蒜,2,2.5:1,2.5,5,chest|heart|qi_move|pain|phlegm,"Free Yang, dissipate clumps, move Qi and relieve chest pain",Qi deficiency without stagnation; Yin deficiency with Heat,derived
487,小蓟炭,Xiǎo Jì Tàn,Charred Cephalanoplos,小蓟炭,,,1.33,4.5:1,4.5,6,bleeding|astringent|urinary,Charring strengthens the astringent bleeding-stopping action,Bleeding due to stasis,derived
488,辛夷(望春花),Xīn Yí,Magnolia Flower Bud,辛夷,,望春花,0.5,6:1,6,3,sinus|nasal|wind_cold|headache|allergy,Disperse Wind-Cold and open the nasal passages,Yin deficiency with Heat; must be bagged when decocted — hairs irritate,derived
489,小麦,Xiǎo Mài,Wheat Grain,小麦,,,0.71,14:1,14,10,shen|heart|sleep|women|sweating,"Nourish the Heart, quiet the Shen, benefit the Kidney and stop sweating",Damp accumulation; gluten intolerance,derived
490,徐长卿,Xú Cháng Qīng,Cynanchum Root,徐长卿,,,1.43,3.5:1,3.5,5,pain|wind_damp|itch|skin|allergy,"Dispel Wind, relieve pain, drain Damp and stop itching",Weak constitution; volatile — add late in decoction,derived
491,续断,Xù Duàn,Teasel Root,续断,,,3.6,2.5:1,2.5,9,yang_tonic|kidney|bone|joint|women|aging,"Tonify Kidney and Liver, strengthen bones and sinews, stop bleeding",Liver excess fire patterns,curated
492,盐续断,Yán Xù Duàn,Salt-processed Teasel Root,续断,盐,,3.6,2.5:1,2.5,9,yang_tonic|kidney|bone|joint|women|aging,"Tonify Kidney and Liver, strengthen bones and sinews, stop bleeding. Salt directs the action downward to the Kidney, strengthening the Kidney-tonifying and Yin-enriching effect.",Liver excess fire patterns,curated+processed
493,旋覆花(旋覆花),Xuán Fù Huā,Inula Flower,旋覆花,,旋覆花,1.11,4.5:1,4.5,5,phlegm|nausea|cough|stomach|lung,"Descend rebellious Qi, transform phlegm, stop vomiting and calm wheezing",Yin deficiency dry cough; loose stool; must be bagged when decocted — hairs irritate the throat,derived
494,蜜旋覆花(旋覆花),Mì Xuán Fù Huā,Honey-fried Inula Flower,旋覆花,蜜,旋覆花,1.67,3:1,3,5,phlegm|nausea|cough|stomach|lung,"Descend rebellious Qi, transform phlegm, stop vomiting and calm wheezing. Honey-frying moistens the Lung and moderates harshness, strengthening the cough-stopping and Lung-moistening action.",Yin deficiency dry cough; loose stool; must be bagged when decocted — hairs irritate the throat,derived
495,玄参,Xuán Shēn,Scrophularia Root,玄参,,,3.33,1.5:1,1.5,5,thyroid|nodule|heat|yin_tonic|lymph,"Nourish Yin, clear Heat, soften hardness, cool Blood",Spleen deficiency with Damp,curated
496,香薷(江香薷),Xiāng Rú,Elsholtzia,香薷,,江香薷,0.78,6.4:1,6.4,5,summerheat|exterior|damp|oedema|nausea,"Release the exterior, disperse summerheat-Cold, transform Damp and promote urination",Exterior deficiency with sweating; heatstroke with profuse sweating,derived
497,延胡索,Yán Hú Suǒ,Corydalis Rhizome,延胡索,,,1.11,4.5:1,4.5,5,pain|blood_move|qi_move|menstrual|stomach,"Invigorate Blood, move Qi and powerfully relieve pain",Pregnancy; Blood deficiency without stasis; may cause drowsiness,derived
498,醋延胡索,Cù Yán Hú Suǒ,Vinegar-processed Corydalis Rhizome,延胡索,醋,,1.11,4.5:1,4.5,5,pain|blood_move|qi_move|menstrual|stomach|liver,"Invigorate Blood, move Qi and powerfully relieve pain. Vinegar directs the action to the Liver and to the Blood level, strengthening Qi-moving, Blood-stasis-dispelling and pain-relieving effects.",Pregnancy; Blood deficiency without stasis; may cause drowsiness,derived
499,野菊花,Yě Jú Huā,Wild Chrysanthemum,野菊花,,,2.25,4:1,4,9,toxin|heat|skin|abscess|hypertension,"Clear Heat, resolve toxin, drain Fire and calm the Liver — stronger toxin action than 菊花",Spleen and Stomach Cold deficiency; Qi deficiency,derived
500,益母草,Yì Mǔ Cǎo,Motherwort,益母草,,,1.82,5.5:1,5.5,10,women|menstrual|blood_stasis|uterus,"Invigorate Blood, dispel stasis, regulate menstruation, reduce edema","Pregnancy, Blood deficiency without stasis",curated
501,鲜益母草,Xiān Yì Mǔ Cǎo,Fresh Leonurus,鲜益母草,,,1,10:1,10,10,blood_move|menstrual|women|oedema|postpartum,"Invigorate Blood, free menstruation, promote urination and reduce swelling — the fresh herb is stronger",Pregnancy; Blood deficiency without stasis,derived
502,薏苡仁,Yì Yǐ Rén,Job's Tears Seed,薏苡仁,,,2,5:1,5,10,gut|damp|spleen|joint|heat,"Strengthen Spleen, resolve Damp, clear Heat, expel Bi syndrome",Pregnancy,curated
503,麸炒薏苡仁,Fū Chǎo Yì Yǐ Rén,Bran-fried Job's Tears Seed,薏苡仁,麸炒,,2,5:1,5,10,gut|damp|spleen|joint|heat|stomach,"Strengthen Spleen, resolve Damp, clear Heat, expel Bi syndrome. Bran-frying moderates harshness and directs the action to the Spleen and Stomach, strengthening the tonifying effect while reducing irritation to the gut.",Pregnancy,curated+processed
504,益智仁,Yì Zhì Rén,Alpinia Oxyphylla Fruit,益智仁,,,1.25,4:1,4,5,kidney|urinary|spleen|yang_tonic|enuresis,"Warm the Kidney, secure Essence, reduce urination, warm the Spleen and check salivation",Yin deficiency with Heat; Damp-Heat,derived
505,盐益智仁,Yán Yì Zhì Rén,Salt-processed Alpinia Oxyphylla Fruit,益智仁,盐,,1.43,3.5:1,3.5,5,kidney|urinary|spleen|yang_tonic|enuresis,"Warm the Kidney, secure Essence, reduce urination, warm the Spleen and check salivation. Salt directs the action downward to the Kidney, strengthening the Kidney-tonifying and Yin-enriching effect.",Yin deficiency with Heat; Damp-Heat,derived
506,银柴胡,Yín Chái Hú,Stellaria Root,银柴胡,,,2.94,1.7:1,1.7,5,fever|yin_tonic|paediatric|heat,Clear deficiency Heat and reduce childhood nutritional-impairment fever,Exterior pattern with fever; Blood deficiency without Heat,derived
507,茵陈【滨蒿(绵茵陈)】,Yīn Chén,Virgate Wormwood,茵陈,,滨蒿(绵茵陈),1.33,4.5:1,4.5,6,damp_heat|liver|gallbladder|gut,"Clear Damp-Heat, promote bile, treat jaundice",Blood deficiency without Damp-Heat,curated
508,淫羊藿(淫羊藿),Yín Yáng Huò,Epimedium Leaf,淫羊藿,,淫羊藿,1.2,5:1,5,6,yang_tonic|kidney|men|bone|aging|immune,"Tonify Kidney Yang, strengthen bones, dispel Wind-Cold-Damp",Yin deficiency with Heat,curated
509,炙淫羊藿(淫羊藿),Zhì Yín Yáng Huò,Honey-fried Epimedium Leaf,淫羊藿,炙,淫羊藿,0.92,6.5:1,6.5,6,yang_tonic|kidney|men|bone|aging|immune|qi_tonic|spleen,"Tonify Kidney Yang, strengthen bones, dispel Wind-Cold-Damp. Honey-frying warms and moistens, enhancing the Qi-tonifying and Middle-harmonising action while reducing dispersing effects.",Yin deficiency with Heat,curated+processed
510,余甘子,Yú Gān Zǐ,Emblic Fruit,余甘子,,,1.2,2.5:1,2.5,3,heat|digestion|throat|antioxidant,"Clear Heat, cool Blood, aid digestion and moisten the throat",Spleen and Stomach Cold deficiency,derived
511,郁李仁(欧李),Yù Lǐ Rén,Prunus Seed,郁李仁,,欧李,0.8,7.5:1,7.5,6,constipation|oedema|urinary|gut,"Moisten the intestines, free the stool, promote urination and reduce swelling",Pregnancy; loose stool; Yin deficiency with fluid depletion,derived
512,玉米须,Yù Mǐ Xū,Corn Silk,玉米须,,,1.1,9.1:1,9.1,10,urinary|oedema|damp|liver|blood_sugar,"Promote urination, reduce swelling, drain Damp and relieve jaundice",Generally well tolerated; caution with diuretic therapy,derived
513,鱼腥草,Yú Xīng Cǎo,Houttuynia,鱼腥草,,,3,5:1,5,15,lung|toxin|heat|abscess|urinary,"Clear Heat, resolve toxin, expel pus and promote urination",Spleen and Stomach deficiency Cold; sores of deficiency type; add late in decoction,derived
514,玉竹,Yù Zhú,Solomon's Seal,玉竹,,,4.17,1.2:1,1.2,5,yin_tonic|stomach|lung|aging|heat,"Nourish Yin, moisten Dryness, generate fluids","Phlegm-Damp, Cold-Damp Spleen",curated
515,远志(远志),Yuǎn Zhì,Polygala Root,远志,,远志,1.25,2.4:1,2.4,3,sleep|heart|shen|memory|phlegm,"Calm Shen, resolve Phlegm, benefit Heart-Kidney communication",Peptic ulcer,curated
516,蜜远志(远志),Mì Yuǎn Zhì,Honey-fried Polygala Root,远志,蜜,远志,1.76,1.7:1,1.7,3,sleep|heart|shen|memory|phlegm|lung|cough,"Calm Shen, resolve Phlegm, benefit Heart-Kidney communication. Honey-frying moistens the Lung and moderates harshness, strengthening the cough-stopping and Lung-moistening action.",Peptic ulcer,curated+processed
517,制远志(远志),Zhì Yuǎn Zhì,Processed Polygala Root,远志,制,远志,1.3,2.3:1,2.3,3,sleep|heart|shen|memory|phlegm,"Calm Shen, resolve Phlegm, benefit Heart-Kidney communication. Processing reduces toxicity and harshness so the herb can be used safely at therapeutic dose.",Peptic ulcer,curated+processed
518,叶下珠,Yè Xià Zhū,Phyllanthus,叶下珠,,,0.94,5.3:1,5.3,5,heat|damp|liver|jaundice|eye,"Clear Heat, drain Damp, resolve toxin, brighten the eyes and protect the Liver",Spleen and Stomach Cold deficiency,derived
519,银杏叶,Yín Xìng Yè,Ginkgo Leaf,银杏叶,,,2.86,3.5:1,3.5,10,circulation|heart|memory|lung|blood_move,"Invigorate Blood, free the collaterals, astringe the Lung, calm wheezing and improve circulation",Bleeding disorders; anticoagulant therapy; pre-operative use,derived
520,皂角刺,Zào Jiǎo Cì,Gleditsia Spine,皂角刺,,,0.5,20:1,20,10,thyroid|nodule|phlegm|lymph,"Resolve toxins, dissipate nodules, promote pus discharge","Pregnancy, no active suppuration",curated
521,泽兰,Zé Lán,Lycopus,泽兰,,,1.2,5:1,5,6,blood_move|menstrual|women|oedema|trauma,"Invigorate Blood, free menstruation, drain Damp and reduce swelling",Pregnancy; Blood deficiency without stasis,derived
522,泽泻(泽泻),Zé Xiè,Water Plantain,泽泻,,泽泻,1.5,4:1,4,6,kidney|damp|dizziness|gut|damp_heat,"Leach out Damp, clear Heat in Kidney and Bladder",Kidney Yin or Yang deficiency without Damp,curated
523,盐泽泻(泽泻),Yán Zé Xiè,Salt-processed Water Plantain,泽泻,盐,泽泻,1.71,3.5:1,3.5,6,kidney|damp|dizziness|gut|damp_heat,"Leach out Damp, clear Heat in Kidney and Bladder. Salt directs the action downward to the Kidney, strengthening the Kidney-tonifying and Yin-enriching effect.",Kidney Yin or Yang deficiency without Damp,curated+processed
524,浙贝母,Zhè Bèi Mǔ,Fritillaria Bulb (Zhe),浙贝母,,,1.25,4:1,4,5,phlegm|thyroid|nodule|cough|heat,"Clear Heat, resolve Phlegm, soften hardness, dissipate nodules",Cold-Damp Phlegm,curated
525,知母,Zhī Mǔ,Anemarrhena Rhizome,知母,,,3.34,1.8:1,1.8,6,women|menopause|heat|yin_tonic|kidney,"Clear Heat, nourish Yin, reduce Empty Fire",Spleen deficiency with diarrhea,curated
526,盐知母,Yán Zhī Mǔ,Salt-processed Anemarrhena Rhizome,知母,盐,,3.53,1.7:1,1.7,6,women|menopause|heat|yin_tonic|kidney,"Clear Heat, nourish Yin, reduce Empty Fire. Salt directs the action downward to the Kidney, strengthening the Kidney-tonifying and Yin-enriching effect.",Spleen deficiency with diarrhea,curated+processed
527,枳壳,Zhǐ Qiào,Bitter Orange Mature Fruit,枳壳,,,1.43,3.5:1,3.5,5,qi_move|bloating|digestion|prolapse,"Move Qi, relieve distension and disperse focal accumulation — gentler than 枳实",Pregnancy; Qi deficiency; weak constitution,derived
528,麸炒枳壳,Fū Chǎo Zhǐ Qiào,Bran-fried Bitter Orange Mature Fruit,枳壳,麸炒,,1.67,3:1,3,5,qi_move|bloating|digestion|prolapse|spleen|stomach,"Move Qi, relieve distension and disperse focal accumulation — gentler than 枳实. Bran-frying moderates harshness and directs the action to the Spleen and Stomach, strengthening the tonifying effect while reducing irritation to the gut.",Pregnancy; Qi deficiency; weak constitution,derived
529,枳实(酸橙),Zhǐ Shí,Immature Bitter Orange,枳实,,酸橙,1.5,3.3:1,3.3,5,qi_move|digestion|constipation|phlegm,"Break Qi stagnation, disperse accumulation and transform phlegm — stronger than 枳壳",Pregnancy; Spleen and Stomach deficiency without stagnation,derived
530,麸炒枳实(酸橙),Fū Chǎo Zhǐ Shí,Bran-fried Immature Bitter Orange,枳实,麸炒,酸橙,1.5,3.3:1,3.3,5,qi_move|digestion|constipation|phlegm|spleen|stomach,"Break Qi stagnation, disperse accumulation and transform phlegm — stronger than 枳壳. Bran-frying moderates harshness and directs the action to the Spleen and Stomach, strengthening the tonifying effect while reducing irritation to the gut.",Pregnancy; Spleen and Stomach deficiency without stagnation,derived
531,焦栀子,Jiāo Zhī Zǐ,Scorch-fried Gardenia Fruit,栀子,焦,,2,3:1,3,6,heat|liver|jaundice|irritability|bleeding|digestion|diarrhoea,"Drain Fire, relieve irritability, clear Heat, drain Damp, cool Blood and resolve toxin. Scorch-frying markedly strengthens the food-dispersing and diarrhoea-checking action, and adds a mild astringent, bleeding-stopping quality.",Spleen deficiency with loose stool; no Heat present,derived
532,栀子,Zhī Zǐ,Gardenia Fruit,栀子,,,2,3:1,3,6,heat|liver|jaundice|irritability|bleeding,"Drain Fire, relieve irritability, clear Heat, drain Damp, cool Blood and resolve toxin",Spleen deficiency with loose stool; no Heat present,derived
533,炒栀子,Chǎo Zhī Zǐ,Dry-fried Gardenia Fruit,栀子,炒,,2,3:1,3,6,heat|liver|jaundice|irritability|bleeding|spleen,"Drain Fire, relieve irritability, clear Heat, drain Damp, cool Blood and resolve toxin. Dry-frying warms the herb, moderates cold or harsh properties and improves tolerance by the Spleen and Stomach.",Spleen deficiency with loose stool; no Heat present,derived
534,栀子炭,Zhī Zǐ Tàn,Charred Gardenia,栀子炭,,,1.43,3.5:1,3.5,5,bleeding|heat|astringent,Charring shifts the action toward cooling Blood and stopping bleeding,Cold deficiency bleeding,derived
535,猪苓,Zhū Líng,Polyporus,猪苓,,,0.59,17:1,17,10,urinary|damp|oedema|diarrhoea,Promote urination and drain Damp — stronger diuretic than 茯苓 but without tonifying action,No Damp accumulation; prolonged use injures Yin,derived
536,姜竹茹(青秆竹),Jiāng Zhú Rú,Ginger-processed Bamboo Shavings,竹茹,姜,青秆竹,0.5,10:1,10,5,phlegm|heat|nausea|sleep|anxiety|stomach,"Clear Heat, resolve Phlegm, calm Shen, stop vomiting. Ginger-processing warms the Middle, curbs toxicity and reduces the tendency to cause nausea, strengthening the phlegm-transforming and vomiting-stopping action.",Cold-Damp Spleen,curated+processed
537,竹茹(青秆竹),Zhú Rú,Bamboo Shavings,竹茹,,青秆竹,0.5,10:1,10,5,phlegm|heat|nausea|sleep|anxiety,"Clear Heat, resolve Phlegm, calm Shen, stop vomiting",Cold-Damp Spleen,curated
538,紫草(新疆紫草),Zǐ Cǎo,Lithospermum Root,紫草,,新疆紫草,0.5,10:1,10,5,heat|skin|rash|toxin|burn,"Cool Blood, invigorate Blood, resolve toxin and vent rashes",Spleen deficiency with loose stool; pregnancy,derived
539,紫花地丁,Zǐ Huā Dì Dīng,Viola,紫花地丁,,,3.75,4:1,4,15,toxin|heat|skin|abscess|snakebite,"Clear Heat, resolve toxin, cool Blood and reduce swelling",Sores of deficiency type; Spleen Cold deficiency,derived
540,紫苏叶,Zǐ Sū Yè,Perilla Leaf,紫苏叶,,,1.25,4:1,4,5,exterior|wind_cold|nausea|qi_move|allergy,"Release the exterior, disperse Cold, move Qi, harmonise the Middle and curb seafood toxin",Exterior deficiency with sweating; Qi deficiency; add late in decoction,derived
541,紫菀,Zǐ Wǎn,Aster Root,紫菀,,,3.34,1.5:1,1.5,5,cough|phlegm|lung|dryness,"Moisten the Lung, descend Qi, dissolve phlegm and stop cough",Cough from Yin deficiency with blood in sputum — use with care,derived
542,蜜紫菀,Mì Zǐ Wǎn,Honey-fried Aster Root,紫菀,蜜,,4.17,1.2:1,1.2,5,cough|phlegm|lung|dryness,"Moisten the Lung, descend Qi, dissolve phlegm and stop cough. Honey-frying moistens the Lung and moderates harshness, strengthening the cough-stopping and Lung-moistening action.",Cough from Yin deficiency with blood in sputum — use with care,derived
543,苎麻根,Zhù Má Gēn,Boehmeria Root,苎麻根,,,1.69,5.9:1,5.9,10,bleeding|heat|pregnancy|toxin|urinary,"Cool Blood, stop bleeding, clear Heat, resolve toxin and calm the fetus",Spleen and Stomach Cold deficiency,derived
544,煅自然铜,Duàn Zì Rán Tóng,Calcined Pyrite,自然铜,煅,,0.8,12.5:1,12.5,10,fracture|trauma|bone|pain|blood_move|astringent,"Dissipate Blood stasis, relieve pain, mend sinew and join bone. Calcining makes a mineral or shell friable and readily decocted, strengthening the astringent, acid-restraining and anchoring action.",Blood deficiency without stasis; calcine and decoct first,derived
545,紫苏梗,Zǐ Sū Gěng,Perilla Stem,紫苏梗,,,1,10:1,10,10,qi_move|chest|stomach|pregnancy|nausea,"Move Qi, loosen the chest, harmonise the Stomach and calm the fetus",Qi deficiency; Yin deficiency with Heat,derived
546,紫苏子,Zǐ Sū Zǐ,Perilla Fruit,紫苏子,,,0.5,12:1,12,6,cough|phlegm|asthma|constipation|lung,"Descend Qi, dissolve phlegm, stop cough, calm wheezing and moisten the intestines",Loose stool; Qi deficiency cough,derived
547,炒紫苏子,Chǎo Zǐ Sū Zǐ,Dry-fried Perilla Fruit,紫苏子,炒,,0.75,8:1,8,6,cough|phlegm|asthma|constipation|lung|spleen,"Descend Qi, dissolve phlegm, stop cough, calm wheezing and moisten the intestines. Dry-frying warms the herb, moderates cold or harsh properties and improves tolerance by the Spleen and Stomach.",Loose stool; Qi deficiency cough,derived
548,肿节风,Zhǒng Jié Fēng,Sarcandra,肿节风,,,1.33,7.5:1,7.5,10,heat|toxin|wind_damp|oncology_support|pain,"Clear Heat, resolve toxin, dispel Wind, invigorate Blood and reduce swelling",Pregnancy; Spleen Cold deficiency,derived
549,棕榈炭,Zōng Lǘ Tàn,Charred Trachycarpus,棕榈炭,,,0.5,10:1,10,5,bleeding|astringent|women|menstrual,Astringe and stop bleeding,Bleeding due to Blood stasis or Heat excess,derived
550,宽筋藤(宽筋藤),Kuān Jīn Téng,Tinospora Stem,宽筋藤,,宽筋藤,1,10:1,10,10,wind_damp|sinew|collateral|pain,"Dispel Wind-Damp, relax the sinews and free the collaterals",Pregnancy; Cold deficiency,derived
551,赭石,Zhě Shí,Haematite,赭石,,,0.8,12.5:1,12.5,10,liver|hypertension|nausea|asthma|bleeding,"Settle the Liver, subdue Yang, descend rebellious Qi, stop vomiting and cool Blood to stop bleeding",Pregnancy; Cold deficiency of Middle Burner; decoct first; contains trace arsenic — not for prolonged use,derived
